Unnamed: 0,trans_date_trans_time,cc_num,merchant,category,amt,first,last,gender,street,city,state,zip,lat,long,city_pop,job,dob,trans_num,unix_time,merch_lat,merch_long,is_fraud
951,2020-06-21 17:40:54,4292743669224718067,"fraud_Haley, Jewess and Bechtelar",shopping_pos,3204.98,Michael,Williams,M,35822 Clayton Street Apt. 679,Great Mills,MD,20634,38.2674,-76.4954,5927,Art therapist,1973-06-09,cdb7839b9b57c1bd8f856c3166b0e9db,1371836454,37.480372,-77.34958,0
999,2020-06-21 17:55:33,4933461930348832,fraud_Kessler Group,travel,2068.05,Richard,Carter,M,5097 Martin Ridges,Minneapolis,MN,55403,44.9673,-93.2828,1022298,Chemical engineer,1976-09-29,904e99f9a81c33371549da1ed53ac282,1371837333,44.444997,-93.515788,0
1428,2020-06-21 20:31:19,5540636818935089,fraud_Volkman-Predovic,shopping_net,2271.66,Kenneth,Foster,M,329 Michael Extension,Lawrence,MA,1843,42.6911,-71.1605,76383,Geoscientist,1985-04-04,f0c428ca5e8084b0753eca7828a74f67,1371846679,43.622853000000006,-71.020822,0
6825,2020-06-23 05:52:26,4239552724014407,"fraud_Ruecker, Beer and Collier",shopping_net,2077.77,Carl,Hernandez,M,9134 Darryl Flat Suite 916,Paulding,OH,45879,41.141000000000005,-84.5722,6284,Secondary school teacher,1936-03-27,8028ad999bf05960f38617ac32690ed3,1371966746,41.969647,-84.375479,0
8851,2020-06-23 18:10:43,4312133045694601139,"fraud_Streich, Dietrich and Barton",shopping_net,3344.72,Julian,Price,M,086 Pierce Cove,Pikesville,MD,21208,39.3764,-76.729,33917,Company secretary,1977-06-12,aba77952d151fa218172c73930252ac4,1372011043,38.784248,-76.905812,0
9890,2020-06-23 23:21:40,371226440126102,fraud_Stamm-Witting,shopping_net,2721.97,Stacy,Lambert,F,85430 Julie Trafficway Suite 792,Mulberry Grove,IL,62262,38.9311,-89.2463,1810,Race relations officer,1974-12-24,6da8e87b6db4d3b29bfb0230de42a0a4,1372029700,39.585384000000005,-88.57423100000001,0
11499,2020-06-24 20:23:32,30364087349027,"fraud_Zboncak, Rowe and Murazik",shopping_net,3396.84,Samuel,Sandoval,M,0005 Morrison Land,Mounds,OK,74047,35.8896,-96.0887,7163,Fitness centre manager,1982-02-05,8d4aa6dea14dd5a722155e0f0e7e7070,1372105412,36.86798,-95.716439,0
13466,2020-06-25 19:43:13,4378993458389626,fraud_Fritsch LLC,travel,6600.44,Travis,Hayes,M,1561 Chase Grove,Conway,NH,3818,43.9742,-71.1503,3807,Surgeon,1999-10-25,6ad730c17f10beeb66462e8e0bdb8651,1372189393,43.741878,-71.699656,0
13902,2020-06-25 23:51:22,375082648741747,fraud_Bashirian Group,shopping_net,4622.47,Shannon,Bell,F,2918 David Spurs,Georgetown,MN,56546,47.0999,-96.727,346,"Research officer, trade union",1976-12-14,2b3b95424b8ed908a04d3e680a0e3d6a,1372204282,46.790234000000005,-97.028372,0
15458,2020-06-26 16:53:18,4469777115158234880,fraud_Barrows PLC,shopping_pos,3936.15,Gregory,Graham,M,4005 Dana Glens,Methuen,MA,1844,42.728,-71.181,47249,Market researcher,1980-11-22,d16079eb11554610a9d6f00c66eb75ef,1372265598,42.74077,-70.224448,0
16268,2020-06-26 23:56:16,4755696071492,fraud_Kozey-Boehm,shopping_net,2507.89,Robert,Evans,M,01892 Patricia Vista Apt. 828,Sachse,TX,75048,32.9643,-96.6012,20328,Site engineer,1985-06-20,a7043b9307d90679e11ecf2272868864,1372290976,32.980613,-97.133892,0
17404,2020-06-27 13:44:27,371226440126102,"fraud_Quitzon, Green and Bashirian",shopping_pos,2227.37,Stacy,Lambert,F,85430 Julie Trafficway Suite 792,Mulberry Grove,IL,62262,38.9311,-89.2463,1810,Race relations officer,1974-12-24,b7736891a172c8f7e519ac4e6429ad3a,1372340667,38.802514,-89.52415500000001,0
17941,2020-06-27 18:08:50,3598014571045296,"fraud_Schuppe, Nolan and Hoeger",shopping_pos,2079.2,Lisa,Clark,F,07943 Davis River,Grimesland,NC,27837,35.558,-77.2566,5903,Manufacturing systems engineer,1993-10-07,1ed1b0fa3687011be2a990a53e23424c,1372356530,34.714781,-76.81024000000001,0
18465,2020-06-27 22:24:48,60487002085,fraud_Tillman LLC,travel,2758.46,David,White,M,66234 Hall Lock Suite 758,Jackson,MS,39211,32.3739,-90.1293,233060,"Horticulturist, commercial",1972-08-15,22b7b5b63000cf526ab433d8204207d9,1372371888,33.010465,-89.50255899999999,0
18587,2020-06-27 23:34:41,3527536963490470,fraud_Ankunding LLC,shopping_net,3640.18,Teresa,Stein,F,2838 White Fields Apt. 473,Brunson,SC,29911,32.9413,-81.1807,1725,Social researcher,1974-12-05,078d961374d40545d652c035d73d9ce6,1372376081,32.786044,-81.439775,0
20007,2020-06-28 12:24:51,374656033243756,"fraud_Romaguera, Cruickshank and Greenholt",shopping_net,2954.45,David,Lewis,M,1499 Michael Rue,Arlington,VA,22213,38.8954,-77.1633,207410,Mudlogger,1984-07-03,7cb77a823bd2c1c2af3a1a9d4f0b0c45,1372422291,38.885963,-76.22073,0
25419,2020-06-29 20:21:47,4716561796955522,fraud_Jast Ltd,shopping_net,2681.62,Lauren,Anderson,F,11014 Chad Lake Apt. 573,Heart Butte,MT,59448,48.2777,-112.8456,743,Water engineer,1972-05-04,fffe28401431792946a3d9208b7b386d,1372537307,47.964643,-113.48368,0
25864,2020-06-29 22:28:03,213178765398315,"fraud_Ruecker, Beer and Collier",shopping_net,3632.96,Alan,Colon,M,748 Bryan Fields Suite 935,Riverton,WY,82501,43.0351,-108.2024,19408,"Lecturer, higher education",1993-09-11,c27e5fddb116d29b8f452a93c7d6d55f,1372544883,42.397495,-108.769871,0
30919,2020-07-01 13:36:47,3546674063249004,fraud_Morissette PLC,shopping_pos,2312.36,Jordan,May,M,1626 Susan Course,Aledo,TX,76008,32.7004,-97.6039,13602,Optometrist,1984-07-05,6bba017aa05eaf0a239251f17481e0b1,1372685807,32.912945,-97.254773,0
33273,2020-07-02 17:36:22,4066595222529,"fraud_Reichel, Bradtke and Blanda",travel,3971.9,Jamie,Olson,F,3423 Michael Canyon Suite 276,River,KY,41254,37.8795,-82.7251,571,Quarry manager,1931-03-07,c03cd71feca5fc7959883841aeb76034,1372786582,37.054684,-82.476056,0
34957,2020-07-03 12:59:15,4642894980163,fraud_Pagac LLC,shopping_pos,4066.77,Eddie,Mendez,M,1831 Faith View Suite 653,Clarinda,IA,51632,40.7491,-95.038,7297,IT trainer,1990-07-13,8dcb58b82992c27ab81a8a19ae19cfb3,1372856355,41.18622,-94.789557,0
35542,2020-07-03 18:13:00,4797297220948468262,"fraud_Hagenes, Hermann and Stroman",travel,13149.15,Erica,Briggs,F,3310 Davidson Spurs Apt. 107,Oolitic,IN,47451,38.8938,-86.5246,1228,Counsellor,1991-03-13,3a9d71cce25e35776395ce67aefff16f,1372875180,39.43586,-87.298161,0
35983,2020-07-03 21:57:20,676372984911,"fraud_Hahn, Douglas and Schowalter",travel,6297.01,Vicki,Mendoza,F,3645 Atkins Island Apt. 238,Esbon,KS,66941,39.7562,-98.4462,242,Tourism officer,1987-07-18,23697553e774de088f3021d926769196,1372888640,39.908197,-97.909893,0
36211,2020-07-03 23:52:21,3527536963490470,fraud_Ankunding LLC,shopping_net,2225.64,Teresa,Stein,F,2838 White Fields Apt. 473,Brunson,SC,29911,32.9413,-81.1807,1725,Social researcher,1974-12-05,01bba07ed378f1bab33c23c564b1f106,1372895541,32.591035999999995,-80.443361,0
36911,2020-07-04 08:44:07,581686439828,"fraud_Kerluke, Kertzmann and Wiza",misc_net,2451.48,Larry,House,M,911 Sabrina Trafficway,Cochranton,PA,16314,41.5205,-80.0573,5507,Retail merchandiser,1973-07-28,4ae3da594c7acd55a7dbaf6f5d68cd79,1372927447,41.86995,-80.963887,0
38245,2020-07-04 21:08:05,6011305591981276,fraud_Jerde-Hermann,travel,3348.29,Daniel,Jones,M,290 Kathryn Fall,Huntsville,AL,35803,34.6205,-86.551,190178,"Engineer, automotive",1959-06-06,6975e447ef2b91ad0a829a796478d784,1372972085,35.159915000000005,-87.208145,0
43802,2020-07-06 12:54:50,676102124465,"fraud_Eichmann, Hayes and Treutel",travel,6181.12,Natasha,Mclaughlin,F,8699 Lindsay Ford Apt. 486,Napa,CA,94558,38.4549,-122.2564,94014,Airline pilot,1985-08-21,9d21b68cd5340c9571447236e85930e0,1373115290,39.396649,-123.046094,0
44313,2020-07-06 15:08:48,4646845581490336108,"fraud_Bins, Balistreri and Beatty",shopping_pos,2263.75,Julia,Bell,F,576 House Crossroad,West Sayville,NY,11796,40.732,-73.1,4056,Film/video editor,1990-06-25,d06504b7f43d0f06653749592de5a245,1373123328,41.390549,-73.783765,0
44314,2020-07-06 15:08:55,4319584480204988982,fraud_Tillman LLC,travel,2089.03,Kathleen,Nash,F,010 Salazar Walk,Cromona,KY,41810,37.1788,-82.695,502,Chief Financial Officer,1960-02-01,33aa1df7a62704e8c0bb5aec52e840c7,1373123335,36.225658,-81.742977,0
44862,2020-07-06 17:30:12,3598634130286287,"fraud_Reichert, Shanahan and Hayes",shopping_net,2103.85,David,Hughes,M,707 Butler Parkways Apt. 747,Omaha,NE,68117,41.2064,-95.9953,518429,"Surveyor, land/geomatics",1995-10-10,6cebf428a95c1d3387a3ba7e68d93d1f,1373131812,41.078503000000005,-95.336993,0
47126,2020-07-07 07:31:11,372246459334925,fraud_Williamson LLC,misc_pos,2247.6,Rick,Martinez,M,062 Poole Hollow Apt. 815,Deadwood,SD,57732,44.3566,-103.6999,1979,Multimedia programmer,1970-03-13,095de9d4553ff56cb259d94c338da0d1,1373182271,43.622965,-104.453617,0
48531,2020-07-07 16:02:26,377550167323848,fraud_Kessler Inc,travel,3156.96,Kevin,Walters,M,87227 Tapia Burgs,Auburn,ME,4210,44.0948,-70.23899999999999,23045,Tourist information centre manager,1958-09-02,fb5cb7f1ee3c9eb4d05c719ef877377b,1373212946,44.397434,-70.418261,0
48749,2020-07-07 17:05:38,4969856774088583,fraud_Jerde-Hermann,travel,8021.63,Jacqueline,Prince,F,27823 Andrew Underpass Suite 948,Metairie,LA,70003,29.9975,-90.2146,137067,Advertising account planner,1951-12-04,af4195efd82f60701b3759a199095b1a,1373216738,30.574686,-91.134536,0
50320,2020-07-08 03:52:07,30242921189660,"fraud_Yost, Block and Koepp",misc_pos,4800.65,Dalton,Jones,M,3304 Hernandez Run,Afton,MI,49705,45.3637,-84.4695,937,Technical brewer,1958-04-06,30485e13d6e06fc6708ababc921f199f,1373255527,45.333977,-84.08166899999999,0
51236,2020-07-08 17:10:30,4428780983793657331,"fraud_Hodkiewicz, Prohaska and Paucek",travel,2058.23,Richard,Waters,M,7683 Natasha Way Apt. 945,Waukesha,WI,53186,42.9993,-88.2196,95015,"Therapist, occupational",1946-01-02,16b91eed60ceadaad357c31cc9c14852,1373303430,42.343438,-89.154775,0
55691,2020-07-10 18:00:54,30234966027947,"fraud_Ruecker, Beer and Collier",shopping_net,3160.15,Matthew,Lambert,M,7188 Melissa Crest Apt. 151,New Holstein,WI,53061,43.9446,-88.0911,5196,Child psychotherapist,1978-01-22,a6e0e2830a4e71042b968c1453208c33,1373479254,44.647095,-87.71943900000001,0
57181,2020-07-11 09:44:14,6554245334757802,fraud_Botsford Ltd,shopping_pos,2261.77,Monique,Robinson,F,07712 Marcus Divide Apt. 831,Laguna Hills,CA,92637,33.615,-117.7114,45303,Sales executive,1969-12-22,42ffbc04595f10c2e1218c47d594e38d,1373535854,33.316024,-118.10961100000002,0
60466,2020-07-12 14:04:50,3589289942931264,fraud_Mohr Inc,shopping_pos,2410.93,Paula,Estrada,F,350 Stacy Glens,Spencer,SD,57374,43.7557,-97.5936,343,"Development worker, international aid",1972-03-05,a5b7d2f9b85487d2748d9cf2ed25d8fd,1373637890,43.288507,-97.401459,0
63824,2020-07-13 12:11:45,6534628260579800,"fraud_Ritchie, Oberbrunner and Cremin",travel,2468.38,Christine,Harris,F,29606 Martinez Views Suite 653,Hinesburg,VT,5461,44.3346,-73.098,4542,Claims inspector/assessor,1998-03-19,2c61688ae6de98c69439d7544fb39726,1373717505,44.485688,-73.205081,0
64917,2020-07-13 17:42:31,3533742182628021,fraud_Medhurst PLC,shopping_net,2715.47,Robert,Haynes,M,857 Aaron Circles Suite 398,Johns Island,SC,29455,32.8357,-79.8217,20478,Materials engineer,1997-06-04,5137746d68ebe951a7b71f52bc0e1494,1373737351,32.897212,-79.12315799999999,0
66817,2020-07-14 05:20:23,2291163933867244,fraud_Hickle Group,shopping_pos,3679.74,Jeff,Elliott,M,351 Darlene Green,Columbia,SC,29209,33.9659,-80.9355,333497,Mechanical engineer,1968-03-19,d64d4adaac2e7cfefc5bd92acf4e4abf,1373779223,34.52738,-81.69815200000001,0
68444,2020-07-14 16:05:06,4306630852918,"fraud_Hodkiewicz, Prohaska and Paucek",travel,3113.61,Maureen,Garza,F,169 Edward Inlet,Saint Louis,MO,63131,38.6171,-90.4504,927396,Occupational hygienist,1960-03-12,574547c6193d1c6f589ab2f47a329a1e,1373817906,37.996714,-90.87814,0
70422,2020-07-15 06:16:38,4605902936394,"fraud_Ruecker, Beer and Collier",shopping_net,2183.37,Vincent,Mueller,M,79019 Taylor Cliffs,Dallas,TX,75238,32.876999999999995,-96.708,1263321,Drilling engineer,1959-06-28,a5650f47f33581c0f2a86d4268b33878,1373868998,33.485418,-97.223764,0
71204,2020-07-15 16:20:12,4048508450704760,"fraud_Haley, Jewess and Bechtelar",shopping_pos,3278.35,Cheryl,Melton,F,5053 Bell Crescent Apt. 255,Fullerton,NE,68638,41.36600000000001,-98.0054,1749,"Surveyor, mining",1973-05-07,29afc3df06a5c811fdb01daefdbfa073,1373905212,42.075935,-97.071379,0
71516,2020-07-15 19:55:55,30541100351706,fraud_Ebert-Daugherty,travel,2759.89,Derrick,George,M,575 Chapman Union,Spring,TX,77379,30.0377,-95.5326,316665,"Education officer, museum",1990-09-12,50fa215018ec44ed8a797163a12a507a,1373918155,29.655184,-95.994287,0
73804,2020-07-16 22:42:48,213156747557083,"fraud_Roob, Conn and Tremblay",shopping_pos,4537.48,Adam,Santos,M,725 Jo Trace Apt. 102,Glendale,CA,91206,34.1556,-118.2322,172817,Advertising account planner,1982-07-30,f5f57468218450e5a7ef99d7f12ba0b6,1374014568,33.953841,-117.405683,0
74589,2020-07-17 08:40:44,2256234701263057,fraud_Lesch Ltd,shopping_pos,4806.47,Christopher,Grimes,M,39631 Dunn Radial,Grantham,NH,3753,43.5103,-72.1334,2971,Charity fundraiser,1948-04-11,18970ad9f4f69a4e85e56a630095be36,1374050444,43.643971,-72.66174699999999,0
74833,2020-07-17 11:56:00,30560609640617,fraud_Buckridge PLC,misc_pos,2642.67,Michael,Olson,M,558 Michael Estates,Luray,MO,63453,40.4931,-91.8912,519,Town planner,1966-02-13,c6876118257fe1898e00408f8e1f9b40,1374062160,40.084446,-92.551365,0
74888,2020-07-17 12:19:50,3531129874770000,fraud_Bashirian Group,shopping_net,3300.14,Shelby,Mitchell,F,974 Cindy Stream,Brandon,VT,5733,43.8065,-73.0882,5895,"Scientist, marine",1975-07-13,b2e89d31b12c9fed3ad9053ccdaa9057,1374063590,43.787233,-73.736109,0
75917,2020-07-17 21:06:04,4710826438164847414,fraud_Gislason Group,travel,3530.22,Juan,Henry,M,9795 Lori Island Suite 346,Turner,MT,59542,48.8328,-108.3961,192,Further education lecturer,1964-01-04,1cc16e75c5d00f1ead3fa5b3492d60c9,1374095164,48.701068,-107.770194,0
77413,2020-07-18 14:14:57,3501509250702469,fraud_Romaguera and Sons,travel,12882.78,Frank,Anderson,M,0611 Stafford Valley Suite 504,Naples,FL,34112,26.1184,-81.7361,276002,"Programme researcher, broadcasting/film/video",1979-01-02,7560e4f116a9e89163bbb81881f378ef,1374156897,25.730231,-82.406225,0
78858,2020-07-19 02:39:29,4471568287204,fraud_Lynch Ltd,shopping_pos,2239.64,Dakota,Maldonado,M,369 Cochran Radial,Pelham,NC,27311,36.4899,-79.4736,3402,Insurance underwriter,1927-10-24,2afd34ecede14cc18585eca0e6093d30,1374201569,37.139338,-79.58527600000001,0
80242,2020-07-19 13:56:56,4957924165498,"fraud_Hahn, Douglas and Schowalter",travel,5186.92,Alan,Parsons,M,0547 Russell Ford Suite 574,Kirk,CO,80824,39.6171,-102.4776,207,Network engineer,1955-12-04,03e91b0b4e348a7361e223a6c45001a7,1374242216,38.647712,-102.577561,0
80786,2020-07-19 17:03:19,6506982560413523,fraud_Johnston-Casper,travel,2459.45,Alice,Kemp,F,057 Martinez Radial,Texarkana,AR,71854,33.431,-93.8765,36438,Surgeon,1985-04-15,bdf0f55569eee0827e7378ca9fdfa5fc,1374253399,33.945003,-93.762818,0
81264,2020-07-19 19:49:21,3562679455732797,"fraud_Larson, Quitzon and Spencer",travel,8508.34,Amanda,Jones,F,7320 Jennifer Forges,Queenstown,MD,21658,39.0026,-76.1424,3862,Maintenance engineer,1962-12-06,63220a5fa0baa766b9c6383d4c35773e,1374263361,39.93738,-75.933249,0
84236,2020-07-20 15:21:56,343472729187663,fraud_Hills-Witting,shopping_net,2848.31,Gloria,Wallace,F,234 Bridges Wells Apt. 389,Center Tuftonboro,NH,3816,43.6849,-71.2551,1368,"Optician, dispensing",1971-08-05,de83bc639bdf730f2e5bec33131012bf,1374333716,44.022005,-71.595662,0
85939,2020-07-20 23:25:24,676369110710,fraud_Corwin-Romaguera,travel,4088.92,David,Wolfe,M,81261 Garcia Underpass Suite 741,Southfield,MI,48034,42.4969,-83.2911,75830,"Engineer, automotive",1974-12-28,7191277a24f16a575010b8650a5fa0bc,1374362724,42.122046000000005,-83.427842,0
87606,2020-07-21 12:01:13,630451534402,fraud_Ankunding-Carroll,travel,3281.71,Rachel,Daniels,F,561 Little Plain Apt. 738,Wetmore,MI,49895,46.3535,-86.6345,765,Immunologist,1972-06-12,35f7d6346a998e690fb0395b98d251e0,1374408073,47.11873,-86.585217,0
87794,2020-07-21 13:01:31,3598895972308782,"fraud_Ritchie, Oberbrunner and Cremin",travel,12882.33,Kenneth,Richards,M,994 Livingston Extensions Suite 918,Norwalk,OH,44857,41.2403,-82.6078,23805,Copy,1970-02-22,37396c884a1523886312a237254dd241,1374411691,40.4245,-82.47596800000001,0
89387,2020-07-21 21:14:18,5104807169438134,fraud_Kris-Padberg,shopping_pos,2083.02,Regina,Johnston,F,641 Steven Mall Apt. 299,Westhampton Beach,NY,11978,40.8295,-72.6473,3255,Financial trader,1978-07-08,049c04a6dd034f7ab3de3957d42dcff2,1374441258,40.297743,-72.038414,0
91834,2020-07-23 01:03:12,180069253480336,"fraud_Baumbach, Strosin and Nicolas",shopping_pos,3887.64,William,Hunter,M,5036 Victoria Ports Suite 249,Emporium,PA,15834,41.5177,-78.2536,4533,Public affairs consultant,1969-11-01,3dc23caa350287f48cc199c8397207b4,1374541392,41.750104,-79.148202,0
91855,2020-07-23 01:25:46,180069253480336,"fraud_Roob, Conn and Tremblay",shopping_pos,2204.19,William,Hunter,M,5036 Victoria Ports Suite 249,Emporium,PA,15834,41.5177,-78.2536,4533,Public affairs consultant,1969-11-01,ffba5ffdda87610160ac283764027a75,1374542746,42.332538,-77.941187,0
93043,2020-07-23 16:11:33,374930071163758,fraud_Stamm-Witting,shopping_net,2702.98,Daniel,Escobar,M,61390 Hayes Port,Romulus,MI,48174,42.2203,-83.3583,31515,Police officer,1971-11-05,7dca553883b10c56eb487a370a7fcc31,1374595893,43.17547,-82.815014,0
93166,2020-07-23 17:23:55,30199621383748,"fraud_Hagenes, Hermann and Stroman",travel,3390.34,Theresa,Powell,F,117 Natasha Vista Suite 936,Leonard,TX,75452,33.4044,-96.2238,4090,Sub,1977-03-23,948028d53de0a08c1d446465884270c6,1374600235,33.875083000000004,-96.158427,0
95549,2020-07-24 17:59:45,343746486082492,fraud_Boyer-Reichert,shopping_net,2243.66,Jeffrey,Munoz,M,836 Stephanie Union,Cedar,MI,49621,44.8605,-85.8138,3096,"Social research officer, government",1975-10-11,a57ad37d762914ca1276b2d6b2152fbe,1374688785,44.538467,-86.252274,0
99987,2020-07-26 12:56:33,4228411452607671,fraud_Mohr Inc,shopping_pos,2606.86,Aaron,Stewart,M,400 Zuniga Pine,Winthrop,ME,4364,44.3229,-69.9576,6025,Advertising account planner,1995-04-22,7eedccf243e51a937a10016252236731,1374843393,44.884969,-70.040681,0
100181,2020-07-26 14:08:38,4550599031376731,fraud_Lemke and Sons,travel,3623.89,Angela,West,F,9471 Wong Islands,Mansfield,OH,44902,40.7559,-82.5123,92985,Press photographer,1968-05-29,1b93a4f519e56271d50914da12c3e165,1374847718,41.500346,-82.615137,0
100525,2020-07-26 16:12:58,346273234529002,fraud_Leannon-Nikolaus,travel,2399.59,Donna,Moreno,F,32301 Albert River Suite 364,Ronceverte,WV,24970,37.7418,-80.4626,4575,Statistician,1991-10-22,1ccb49061675354e60f8ea700e03e5b3,1374855178,37.468381,-80.369786,0
105392,2020-07-27 21:40:07,4400011257587661852,"fraud_Reichert, Shanahan and Hayes",shopping_net,2250.77,Marissa,Powell,F,474 Allen Haven,North Loup,NE,68859,41.4972,-98.7858,509,"Nurse, children's",1980-09-15,e6adff8efe8a05c9fb10392ea608465a,1374961207,40.898315,-99.219879,0
107930,2020-07-28 14:31:42,583699482621,fraud_Turner LLC,travel,3565.77,Jennifer,Jones,F,5572 Kelly Plains Apt. 952,Waupaca,WI,54981,44.3481,-89.1101,15426,"Engineer, civil (contracting)",1936-07-22,924929a49bdf03c1bacc11d5db796998,1375021902,44.246549,-88.323272,0
108122,2020-07-28 15:32:12,4900628639996,"fraud_Ritchie, Oberbrunner and Cremin",travel,3659.29,Michael,Johnson,M,094 Owens Underpass,Norwalk,CA,90650,33.9056,-118.0818,105549,Firefighter,1973-09-22,b38e9a71fb6274e9984e7419f0ee6879,1375025532,34.426694,-118.246192,0
108301,2020-07-28 16:27:15,4900628639996,"fraud_Kuhic, Bins and Pfeffer",shopping_net,4152.73,Michael,Johnson,M,094 Owens Underpass,Norwalk,CA,90650,33.9056,-118.0818,105549,Firefighter,1973-09-22,f66a72ac15a109cfe6f1600d0dbc38e6,1375028835,34.097179,-117.795968,0
110744,2020-07-29 14:40:37,639023984367,fraud_Boyer-Haley,travel,2891.93,Destiny,Lowe,F,79472 Stevens Trace Apt. 120,Hannawa Falls,NY,13647,44.6087,-74.9732,69,Chief Executive Officer,1991-06-05,fb2174d7a6eb0192e8b0b69ae76f5e29,1375108837,43.978521,-75.041136,0
110853,2020-07-29 15:51:30,6011348830550197,fraud_Fisher Inc,shopping_net,2446.86,Samuel,Johnston,M,16285 Jessica Lights,Birmingham,AL,35229,33.4629,-86.7904,493806,Musician,1980-07-12,2a5e308cdbd9675cfe5dff86672a93a5,1375113090,33.250336,-86.824185,0
113162,2020-07-30 19:49:50,3595192916105588,fraud_Barrows PLC,shopping_pos,6896.23,Dustin,Roberts,M,3283 James Station,Fayetteville,NC,28314,35.0583,-79.008,238602,"Scientist, research (maths)",1993-05-14,d0cf855e0c93f796964eb8c8316bf992,1375213790,35.340586,-78.823993,0
114631,2020-07-31 12:42:52,630423337322,"fraud_Goyette, Howell and Collier",shopping_pos,7134.75,Stephanie,Gill,F,43039 Riley Greens Suite 393,Orient,WA,99160,48.8878,-118.2105,149,Special educational needs teacher,1978-06-21,ae1381fefeb2d2ebbf555856894a5d11,1375274572,48.788425,-117.477515,0
114949,2020-07-31 15:38:46,377550167323848,fraud_Kessler Group,travel,7920.88,Kevin,Walters,M,87227 Tapia Burgs,Auburn,ME,4210,44.0948,-70.23899999999999,23045,Tourist information centre manager,1958-09-02,d34943fd592dbefee418bb111581a40f,1375285126,43.303817,-70.49110999999999,0
116468,2020-08-01 07:42:46,5540636818935089,fraud_Lebsack and Sons,misc_net,2802.29,Kenneth,Foster,M,329 Michael Extension,Lawrence,MA,1843,42.6911,-71.1605,76383,Geoscientist,1985-04-04,40f90d524244437df11de35d99562973,1375342966,41.957307,-71.92279599999999,0
117683,2020-08-01 19:44:30,581686439828,fraud_Goyette Inc,shopping_net,3287.06,Larry,House,M,911 Sabrina Trafficway,Cochranton,PA,16314,41.5205,-80.0573,5507,Retail merchandiser,1973-07-28,05193c381a388ae9aff2230cff03bbc1,1375386270,41.843484,-80.158771,0
118816,2020-08-02 05:16:54,30546453310167,"fraud_Weimann, Kuhic and Beahan",shopping_pos,5044.68,Nicholas,Tran,M,672 Randall Burg Suite 551,Belmont,NH,3220,43.4512,-71.48899999999999,7430,"Scientist, research (medical)",1955-01-13,bed99a5f61cb71679f0223cfcba934a9,1375420614,42.729018,-72.330748,0
119581,2020-08-02 12:08:57,4890424426862856940,"fraud_Douglas, Schneider and Turner",shopping_pos,2947.68,Jeremy,Whitney,M,0371 Aimee Neck Suite 856,Sacramento,CA,95827,38.5662,-121.3286,757530,Magazine features editor,1979-04-30,ae36d1bb39bbed3ad304f926d80de24c,1375445337,38.782847,-121.419004,0
119961,2020-08-02 14:20:45,4181833256558613886,fraud_Schmidt and Sons,shopping_net,2478.28,Jessica,Potter,F,7600 Stephen Course Suite 031,Red River,NM,87558,36.6659,-105.4694,606,"Surveyor, land/geomatics",1988-09-06,feb9c777517feb01db9e355b8bbfcaf5,1375453245,36.914754,-106.362371,0
120060,2020-08-02 14:56:39,4198470814557,fraud_Price Inc,shopping_net,5899.86,Christie,Williamson,F,519 Jerry Views,Avoca,IA,51521,41.4768,-95.3509,2036,Engineering geologist,1971-08-20,2e1308bbee3e3382bb784e7f049a1e06,1375455399,42.105221,-95.516901,0
124916,2020-08-03 20:09:37,4025612008285111,"fraud_Champlin, Rolfson and Connelly",travel,3954.39,Krystal,Key,F,23142 Montoya Island Apt. 742,Corsica,PA,15829,41.1762,-79.1976,1274,Maintenance engineer,1949-03-20,6d3ac9db366dc35ff19cb0b07f90626b,1375560577,41.661211,-79.661911,0
128488,2020-08-04 18:32:43,4129767952109660,"fraud_Little, Gutmann and Lynch",shopping_net,2915.33,Cheryl,Ballard,F,248 James Squares Apt. 838,Halstad,MN,56548,47.3551,-96.798,771,"Scientist, audiological",1972-06-14,63d41629d7a4a7b0a5b7b3a62f72e579,1375641163,47.828199,-96.778699,0
128618,2020-08-04 19:06:36,3523898249167098,fraud_Kassulke PLC,shopping_net,2708.39,Joshua,Carpenter,M,04975 Allison Shoal,Bronx,NY,10463,40.8798,-73.9067,1382480,"Therapist, drama",1990-11-09,ae9158ff692fe1ef36071cc108de0c7c,1375643196,41.223938,-72.998663,0
130823,2020-08-05 18:08:43,3541160328600277,fraud_Kessler Inc,travel,8645.35,Jason,Singh,M,4720 Anna Ways,Murrayville,IL,62668,39.5723,-90.2379,1512,Commercial/residential surveyor,2003-05-07,26cb2656d2ea079cf0a0e19e7152afbe,1375726123,40.272097,-90.890833,0
131089,2020-08-05 20:55:07,3534093764340240,"fraud_Ritchie, Bradtke and Stiedemann",travel,6782.92,Jeremy,White,M,9443 Cynthia Court Apt. 038,Boulder,MT,59632,46.2306,-112.1138,1939,Patent attorney,1967-01-12,7cb41cb2180000336638853b3efeb82e,1375736107,47.085568,-111.242815,0
132654,2020-08-06 15:39:13,4155021259183870,"fraud_Greenholt, O'Hara and Balistreri",shopping_net,2352.98,Renee,Parrish,F,174 Jennifer Meadow Apt. 467,Mountain Park,OK,73559,34.7032,-98.9591,540,Research scientist (life sciences),1983-10-12,02b13d250d2e5fffb461717f3edd5b49,1375803553,34.580133000000004,-98.604064,0
135780,2020-08-07 23:47:03,4069975342931683,fraud_Breitenberg LLC,travel,2285.6,Kimberly,Martin,F,1943 Dennis Inlet Suite 145,Hurricane,WV,25526,38.4257,-81.9943,21902,Sub,1980-09-18,14434ec7f57f27960699d2cd5ddcaecb,1375919223,38.839323,-82.831136,0
137063,2020-08-08 14:50:10,581686439828,fraud_Pouros-Haag,shopping_pos,4394.25,Larry,House,M,911 Sabrina Trafficway,Cochranton,PA,16314,41.5205,-80.0573,5507,Retail merchandiser,1973-07-28,bcee59cb0099cc8b38a4a8a96dd7ef1e,1375973410,41.11965,-79.491546,0
138154,2020-08-08 23:43:48,341283058448499,"fraud_Kunze, Larkin and Mayert",travel,2849.74,Mario,Johns,M,62130 Miller Square Suite 785,Brinson,GA,39825,30.9788,-84.7373,1461,"Engineer, broadcasting (operations)",1935-09-08,00b4896fcf966e7efb965e84fb907a3b,1376005428,31.51341,-84.195955,0
141260,2020-08-09 21:29:37,676102124465,fraud_Dooley Inc,shopping_pos,2221.62,Natasha,Mclaughlin,F,8699 Lindsay Ford Apt. 486,Napa,CA,94558,38.4549,-122.2564,94014,Airline pilot,1985-08-21,6825cac3aa44899aeca467f1512a3816,1376083777,37.604352,-121.9666,0
141344,2020-08-09 21:52:02,4708992452821239,fraud_Reichert-Weissnat,travel,3872.02,Jared,Walters,M,3326 Hannah Fords,Cord,AR,72524,35.8184,-91.3375,376,"Designer, ceramics/pottery",1938-09-08,2aef1743b970f27ba44cccfa3f82c966,1376085122,36.026995,-90.592333,0
143059,2020-08-10 10:47:17,4124536010991657,"fraud_Bahringer, Schoen and Corkery",shopping_pos,2442.75,Sydney,Montoya,F,265 Christian Summit Suite 231,Fairhope,AL,36532,30.5012,-87.8835,27829,"Presenter, broadcasting",1954-07-21,50f39f932288a421c650e6afdc4f935c,1376131637,30.72551,-87.41637,0
144055,2020-08-10 16:21:57,30082025922891,"fraud_McLaughlin, Armstrong and Koepp",travel,3300.57,Kathleen,Thompson,F,199 Patterson Fords Apt. 132,Naples,FL,34112,26.1184,-81.7361,276002,"Pilot, airline",1934-06-23,9da2031817788f7e3310d10d09626665,1376151717,26.238498,-81.480798,0
145883,2020-08-11 01:42:02,378278619832195,"fraud_Roob, Conn and Tremblay",shopping_pos,2117.38,Mary,Mcintyre,F,77921 Costa Villages,Eugene,OR,97403,44.0385,-123.0614,191096,"Scientist, physiological",1964-04-06,73ca53f8d701a1c03069fab4cc3195ce,1376185322,44.602622,-123.434673,0
150893,2020-08-12 18:59:09,4810789809665942990,fraud_Pouros-Haag,shopping_pos,3070.72,Julie,Sanchez,F,916 Charles Road,Bowersville,OH,45307,39.5756,-83.7153,338,Quantity surveyor,1988-07-28,1560b6a6950552bde26c8de467e8866c,1376333949,39.306428,-83.50959499999999,0
152632,2020-08-13 16:12:07,3582402971899057,"fraud_Hodkiewicz, Prohaska and Paucek",travel,2336.65,Michele,Patrick,F,557 Lynn Garden Suite 907,Spirit Lake,ID,83869,47.9657,-116.868,4161,Production manager,1957-06-12,94d948ca62b6b6e988c3060536c7f859,1376410327,47.36386,-117.227105,0
155646,2020-08-14 23:32:22,676309913934,fraud_Pfeffer and Sons,shopping_pos,2127.11,Robert,Martinez,M,3683 Parrish Circles,Pueblo,CO,81005,38.2352,-104.66,151815,Further education lecturer,1988-01-04,79ad670a458d286984c24d9116d60d57,1376523142,39.163856,-105.148387,0
155690,2020-08-14 23:55:20,4904681492230012,fraud_Jewess LLC,shopping_pos,3445.34,Lisa,Lowe,F,574 David Locks Suite 207,Cottekill,NY,12419,41.8467,-74.1038,722,Comptroller,1990-10-19,693ea1da4a1eff4566120888cae2b783,1376524520,42.698251,-74.000057,0
157623,2020-08-15 21:36:36,3583293909206278,fraud_Mayert Group,shopping_pos,2437.87,Deborah,Fisher,F,1911 Fisher Brook,Kirtland Afb,NM,87117,35.0203,-106.5503,310,"Surveyor, land/geomatics",1978-09-30,23b2a9df8be56c9168428fe061305ec4,1376602596,34.835293,-106.389839,0
157689,2020-08-15 22:09:34,6011504998544485,fraud_Boyer PLC,shopping_net,2969.87,Ashley,Whitney,F,4038 Smith Avenue,Jones,AL,36749,32.5104,-86.8138,1089,Materials engineer,1971-11-02,bc4467ae1c628e394cb13823db842553,1376604574,33.358843,-86.104417,0
157839,2020-08-15 23:28:51,3545109339866548,fraud_Kuhic LLC,shopping_net,2886.52,Keith,Sanders,M,8030 Beck Motorway,Moorhead,MS,38761,33.4783,-90.5142,2870,Chartered public finance accountant,1999-03-05,a5c39df7789900bc285f24206215757e,1376609331,33.858481,-90.337728,0
158895,2020-08-16 09:03:41,344342339068828,fraud_Jewess LLC,shopping_pos,2111.72,Ruth,Fuller,F,37732 Joe Courts Apt. 752,Darien,GA,31305,31.3826,-81.4312,5989,Tax adviser,1967-05-05,09679919750c10ce74f1aa7696111e74,1376643821,31.227347,-81.39370500000001,0
160147,2020-08-16 17:43:25,4998109455173950,"fraud_Hartmann, Rowe and Hermann",travel,2141.93,Mary,Pruitt,F,2819 Luke Greens Suite 563,Kansas City,MO,64114,38.9621,-94.5959,545147,Counsellor,1987-11-18,04c1f9529fd6355b78187688b46a7036,1376675005,39.184388,-94.577722,0
160260,2020-08-16 18:25:15,571365235126,fraud_Stamm-Witting,shopping_net,2218.94,Barbara,Taylor,F,0069 Robin Brooks Apt. 695,Elberta,MI,49628,44.5995,-86.2141,372,"Exhibitions officer, museum/gallery",1995-07-12,81081c6135d4bca6712b4bd578821ffc,1376677515,45.250559,-86.598457,0
160925,2020-08-16 22:23:02,3538520143479972,fraud_Kessler Group,travel,3135.13,Cassandra,Nunez,F,9572 Austin Forge Suite 612,Clay Center,OH,43408,41.5686,-83.3632,269,Insurance underwriter,1965-09-15,5b5eb4a7a05a57ca12b9e8b01a1171a9,1376691782,42.522595,-82.643552,0
162107,2020-08-17 07:18:23,4440581794652,fraud_Torphy-Goyette,shopping_pos,2969.05,Karen,Cooper,F,425 Caleb Point Apt. 050,San Diego,CA,92128,33.0067,-117.069,1241364,"Pharmacist, hospital",1960-03-01,49f2fe735627bca06c699f568b33126d,1376723903,33.187104,-117.83701299999998,0
166451,2020-08-18 10:21:51,630425673344,fraud_Hickle Group,shopping_pos,2112.53,Bryan,Miller,M,411 Laurie Fords,Cass,WV,24927,38.388000000000005,-79.9906,365,Special effects artist,1970-03-14,e7c2986b07a1a49e55a5da335c19821c,1376821311,37.607771,-80.708772,0
166779,2020-08-18 12:44:01,6011104316292105,fraud_Terry-Huel,shopping_net,2348.63,Valerie,Davis,F,3861 Anderson Ramp Apt. 536,Drakes Branch,VA,23937,36.9688,-78.5615,1970,Energy engineer,1985-09-02,61dfb1f3ab3b959da1025a041cdf5ddb,1376829841,37.855178,-79.483168,0
172292,2020-08-20 17:06:37,4379260813815979609,"fraud_Labadie, Treutel and Bode",shopping_net,3211.41,Thomas,Jenkins,M,93914 Gregory Via,Oakland,CA,94619,37.7878,-122.1884,381459,Barista,1974-01-03,8fa9fd26d4bd6a3b709e60f7f8681309,1377018397,37.965572,-122.583228,0
172648,2020-08-20 20:22:29,4342532437704183,fraud_Stoltenberg-Beatty,shopping_pos,3209.64,Kevin,Elliott,M,1852 Vincent Isle Suite 328,Newark Valley,NY,13811,42.2281,-76.1625,4354,Further education lecturer,1994-02-16,e7cec12696cb27a6ddd3b59e9e4ff58c,1377030149,41.65692,-76.095275,0
172746,2020-08-20 21:19:50,30270432095985,"fraud_Greenfelder, Bartoletti and Davis",misc_net,2782.98,Lisa,Lin,F,908 Brooks Brook,Lomax,IL,61454,40.6761,-91.0391,725,Environmental consultant,1972-11-28,2b3148a1a1793724ce56c17b76e9c6c9,1377033590,39.899687,-91.062504,0
172969,2020-08-20 23:20:07,375767678113375,"fraud_Kunze, Larkin and Mayert",travel,2157.7,Christopher,Patterson,M,16744 Campbell Wall Apt. 372,Timberville,VA,22853,38.6476,-78.7717,4367,Waste management officer,1962-04-12,99c5ae0b94981fa8ad3269f76d4f8a08,1377040807,38.245097,-78.277054,0
174573,2020-08-21 17:07:11,180084695172649,fraud_Ankunding-Carroll,travel,2603.56,Holly,Mann,F,7644 Joseph Fields,Nokomis,IL,62075,39.3036,-89.2853,3458,Building surveyor,1985-12-08,8f94657fb87000c91ae99380db979870,1377104831,38.373983,-89.644561,0
176999,2020-08-22 18:26:47,6550399784335736,fraud_Turner and Sons,shopping_pos,2871.33,Harry,Mckee,M,95351 Sullivan Viaduct Apt. 239,Port Charlotte,FL,33981,26.9379,-82.2388,79008,Quantity surveyor,1984-08-31,3968c7fb4e4774c1a5fa261c356709d9,1377196007,26.696064,-81.817254,0
177126,2020-08-22 19:36:22,4003989662068504,fraud_Jewess LLC,shopping_pos,2909.69,Chris,White,M,98897 Bennett Lodge,Bessemer,AL,35022,33.3224,-86.9657,71463,Radio broadcast assistant,1989-02-08,596a012ff982f8e1e9c31650bc5ef829,1377200182,32.386489000000005,-86.088953,0
179603,2020-08-23 15:47:45,3545109339866548,"fraud_Kunze, Larkin and Mayert",travel,5168.08,Keith,Sanders,M,8030 Beck Motorway,Moorhead,MS,38761,33.4783,-90.5142,2870,Chartered public finance accountant,1999-03-05,fd6cd3f2aa5f7314da899e854ed20ff2,1377272865,33.221356,-89.62741,0
179747,2020-08-23 16:41:13,30082025922891,fraud_Fritsch LLC,travel,4052.46,Kathleen,Thompson,F,199 Patterson Fords Apt. 132,Naples,FL,34112,26.1184,-81.7361,276002,"Pilot, airline",1934-06-23,0ff5bab6ebc8dee11d25063e986a5b69,1377276073,25.203711,-82.189617,0
180006,2020-08-23 18:10:01,4900628639996,fraud_Mohr-Bayer,shopping_net,2642.05,Michael,Johnson,M,094 Owens Underpass,Norwalk,CA,90650,33.9056,-118.0818,105549,Firefighter,1973-09-22,9d62d58782901ad642f5d217aa712618,1377281401,33.132144,-118.540249,0
180094,2020-08-23 18:38:59,6011348830550197,"fraud_Streich, Dietrich and Barton",shopping_net,2413.9,Samuel,Johnston,M,16285 Jessica Lights,Birmingham,AL,35229,33.4629,-86.7904,493806,Musician,1980-07-12,252d23f5cfadb6d33ee275844cce4fef,1377283139,34.026505,-86.343556,0
180425,2020-08-23 20:53:44,3540075240003197,fraud_Terry-Huel,shopping_net,2167.85,Christian,Johns,M,892 Solis Neck,Lonsdale,MN,55046,44.4477,-93.4252,5211,Chief Strategy Officer,1987-01-27,357adde9c9f7f555aea3530574cb1492,1377291224,44.781379,-93.203568,0
180861,2020-08-23 23:21:31,4025612008285111,"fraud_Ritchie, Oberbrunner and Cremin",travel,3783.4,Krystal,Key,F,23142 Montoya Island Apt. 742,Corsica,PA,15829,41.1762,-79.1976,1274,Maintenance engineer,1949-03-20,a78f95f90a0185af8543e5ea3f27f297,1377300091,41.979285,-78.45492800000001,0
187419,2020-08-25 17:04:30,3564839259330465,"fraud_Douglas, DuBuque and McKenzie",travel,5484.73,Robert,Ashley,M,1250 Christopher Prairie Suite 016,Port Costa,CA,94569,38.046,-122.1866,198,Armed forces training and education officer,1959-03-31,923b0ddb0e5fc27caa94372245c0e603,1377450270,37.660715,-121.414128,0
188331,2020-08-25 21:49:15,4173950183554608,fraud_Kovacek Ltd,travel,3381.13,Stephen,Marshall,M,47144 Roberts Keys,Monmouth Beach,NJ,7750,40.333,-73.9809,3279,Health promotion specialist,1978-10-05,ae31cf06f445aa53071b2fda66f976d9,1377467355,39.977009,-73.846876,0
191841,2020-08-27 16:07:14,6592861994408652,"fraud_Mosciski, Ziemann and Farrell",shopping_net,2796.64,Ashley,Whitehead,F,58188 Madison Meadow Apt. 949,Cowlesville,NY,14037,42.8112,-78.4481,1166,Colour technologist,1983-06-12,88b6d8a8cfba0edc2441371a24afa695,1377619634,42.71623,-77.983386,0
191955,2020-08-27 17:10:17,3511378610369890,fraud_Hickle Group,shopping_pos,3046.01,James,Cooper,M,663 Ramirez Trace Apt. 951,Huntsville,AL,35811,34.7789,-86.5438,190178,Television production assistant,1973-04-01,c0b2572059d77b778e80b4c34814f1f5,1377623417,34.542253,-86.394924,0
192507,2020-08-27 22:38:59,5540636818935089,"fraud_Weimann, Kuhic and Beahan",shopping_pos,3801.46,Kenneth,Foster,M,329 Michael Extension,Lawrence,MA,1843,42.6911,-71.1605,76383,Geoscientist,1985-04-04,f4233b42441274657d64ece8967b6782,1377643139,43.212531,-70.451707,0
194279,2020-08-28 17:55:29,4708992452821239,fraud_Tromp Group,travel,2362.75,Jared,Walters,M,3326 Hannah Fords,Cord,AR,72524,35.8184,-91.3375,376,"Designer, ceramics/pottery",1938-09-08,ab191319b6a58c01b0669f174f0b5c38,1377712529,34.970403000000005,-91.876559,0
196183,2020-08-29 14:53:43,6592243974328236,fraud_Gleason-Macejkovic,shopping_net,2873.64,Philip,Hart,M,97405 Vazquez Plains,Montgomery,AL,36111,32.3374,-86.2715,214703,"Chemist, analytical",1994-10-07,d0a2a823c2d06f30688b8f2ca55b8c5a,1377788023,33.000569,-86.535558,0
199690,2020-08-30 18:41:00,342351256941125,"fraud_Schroeder, Wolff and Hermiston",travel,2609.92,Rebecca,Obrien,F,5619 Mendoza Inlet,Juliette,GA,31046,33.1194,-83.8235,3343,Theatre manager,1990-06-08,a8c36caa2c776a2f15d749aacb732a74,1377888060,33.288639,-83.102503,0
203158,2020-08-31 16:44:58,4951647200979051,"fraud_Daugherty, Pouros and Beahan",shopping_pos,2227.2,Kimberly,Miller,F,75533 Tamara Valleys,Logan,IL,62856,37.9943,-88.9417,324,"Scientist, research (physical sciences)",1976-06-15,def1e758e8f1c1200f6e02131fea9489,1377967498,38.632518,-89.019785,0
203707,2020-08-31 19:31:18,4302480582202074,fraud_Terry-Huel,shopping_net,2491.53,David,Rodriguez,M,821 Solis Points,Muskegon,MI,49440,43.2326,-86.2492,128715,Historic buildings inspector/conservation officer,1995-05-25,70cc1cb4a8e2c6076fcaae42f0fb7c1c,1377977478,43.927898,-87.200005,0
205663,2020-09-01 07:44:35,6595970453799027,"fraud_Baumbach, Hodkiewicz and Walsh",shopping_pos,2250.17,Gina,Gomez,F,72030 Shelton Crossing Apt. 742,Stirling,NJ,7980,40.6774,-74.4968,2307,Science writer,1969-09-11,8ec7f547962132d095f40421a763f048,1378021475,40.057086,-74.29278199999999,0
206973,2020-09-01 15:56:49,180046765320457,fraud_Breitenberg LLC,travel,7436.65,Jared,Camacho,M,4257 Perez Mall,Canton,OH,44702,40.8027,-81.3739,192805,Building control surveyor,1963-06-30,55e42aee5cc9625fa01ed1b7796c6471,1378051009,41.127415,-81.15108199999999,0
212571,2020-09-04 12:53:30,4155021259183870,fraud_Kuhic LLC,shopping_net,5541.05,Renee,Parrish,F,174 Jennifer Meadow Apt. 467,Mountain Park,OK,73559,34.7032,-98.9591,540,Research scientist (life sciences),1983-10-12,b8f413cbd9c6c408dff905fdbc947538,1378299210,34.592986,-99.02772,0
214150,2020-09-05 07:35:49,30328384440870,fraud_Volkman-Predovic,shopping_net,2526.05,Helen,Campbell,F,182 Sergio Summit Apt. 129,Browning,MO,64630,40.029,-93.1607,602,Cytogeneticist,1954-07-14,f67ca3098dffb938e71c3fa27b8bebbc,1378366549,39.724074,-93.09493,0
215351,2020-09-05 21:55:11,3577578023716568,fraud_Beier-Hyatt,shopping_pos,2190.22,Debbie,Hughes,F,0182 Owens Burgs Suite 480,Diamond,OH,44412,41.0935,-81.0425,2644,"Engineer, biomedical",1983-08-25,a56a686ab17d33a2eeaaf92b80ee6850,1378418111,41.160951,-80.873002,0
217607,2020-09-06 18:56:23,6573561108825071,fraud_Leannon-Nikolaus,travel,5256.04,Kristina,Lewis,F,5449 Brandi Heights Apt. 111,Tulsa,OK,74130,36.2395,-95.9596,413574,Bookseller,1968-06-18,00da9374f4f7bdab0101d10478e5354b,1378493783,36.123593,-95.143191,0
219830,2020-09-07 14:08:37,4926376199189801,fraud_Lynch-Mohr,travel,2560.4,Claire,Davis,F,83685 Matthew Center Suite 870,Cherokee Village,AR,72529,36.3011,-91.5281,4726,Pharmacologist,1977-06-07,a7f57b6d582153fa8267ded55122832b,1378562917,37.201927000000005,-91.366233,0
219893,2020-09-07 14:32:24,3598304579370089,fraud_Boyer PLC,shopping_net,2151.64,Vincent,Flowers,M,0189 Emily Prairie,Wichita,KS,67232,37.6395,-97.1714,409656,Heritage manager,1985-12-27,38725aa3874eeea30505c72e13828df3,1378564344,37.576407,-96.741765,0
220750,2020-09-07 19:30:24,180064817343047,fraud_Romaguera and Sons,travel,7549.39,Patricia,Gonzalez,F,8973 Mark Drive,Stephensport,KY,40170,37.9048,-86.524,344,Chartered public finance accountant,1967-03-30,13af43f38911113f90a984297d82e459,1378582224,37.847876,-86.01540200000001,0
221151,2020-09-07 21:49:44,4755696071492,fraud_Hackett Group,travel,6358.87,Robert,Evans,M,01892 Patricia Vista Apt. 828,Sachse,TX,75048,32.9643,-96.6012,20328,Site engineer,1985-06-20,e85e23e14fc18bcd03bd5f6a5ef8eaed,1378590584,33.23145,-97.089012,0
225798,2020-09-09 20:50:01,372509258176510,fraud_Hudson-Grady,shopping_pos,2045.87,Kristen,Hanson,F,26544 Andrea Glen,Goodrich,MI,48438,42.9147,-83.4845,6951,Learning disability nurse,1985-06-18,3670de0ea6d36aaf32f88e8077945202,1378759801,42.568862,-82.99541500000001,0
226134,2020-09-10 01:03:12,4254074738931278,fraud_Morissette PLC,shopping_pos,2080.36,Gary,Hall,M,69085 Short Shores,Allentown,NY,14707,42.0737,-78.0594,239,Radio producer,1956-05-02,e9abdebdd9cdc4926b1256a37f8a6e23,1378774992,41.913031,-78.879285,0
227029,2020-09-10 14:49:32,3502088871723054,"fraud_Schmeler, Bashirian and Price",shopping_net,3827.15,Scott,Martin,M,31472 Cody Place Suite 740,Kensington,MD,20895,39.0298,-77.0793,19054,Operations geologist,1976-09-08,095c98b1245e1a47fe459fc649156338,1378824572,38.408094,-76.77609100000001,0
228034,2020-09-11 02:50:39,4740713119940984,"fraud_Goyette, Howell and Collier",shopping_pos,3288.68,Heather,Hines,F,13776 Hicks Plains,Pomona,NY,10970,41.1901,-74.0436,9993,Pensions consultant,1962-10-16,65df80e31852131adc4d63e473a738ca,1378867839,40.968684,-73.33825300000001,0
228871,2020-09-11 14:10:11,4335531783520911,fraud_Jast-McDermott,shopping_pos,3277.64,Amy,Daugherty,F,852 Thomas Well Suite 339,Owensville,MO,65066,38.3511,-91.4867,6703,Naval architect,1998-05-20,1a2006bd9c691fb2cb66d11740e0119b,1378908611,39.194147,-90.98756,0
229416,2020-09-11 19:52:42,6544734391390261,fraud_Botsford Ltd,shopping_pos,3258.75,John,Myers,M,701 Wilson Divide,Highland,IN,46322,41.55,-87.4569,23727,Community arts worker,1982-02-08,37a677ba24ead9a2ad62660bb3a1bf61,1378929162,42.01871,-86.504535,0
231030,2020-09-12 16:27:55,4683520018489354,"fraud_Labadie, Treutel and Bode",shopping_net,2560.35,Charles,Carrillo,M,17547 Stephen Turnpike Apt. 846,Hawthorne,CA,90250,33.9143,-118.3493,93193,"Editor, magazine features",1995-04-19,7bd090b9b33cafa5cc708f07b093a8fd,1379003275,34.253043,-117.936662,0
233692,2020-09-13 18:09:27,374930071163758,fraud_Kris-Kertzmann,travel,5339.75,Daniel,Escobar,M,61390 Hayes Port,Romulus,MI,48174,42.2203,-83.3583,31515,Police officer,1971-11-05,8f1c5fbee105d2fbe3077f7dfe24cf5e,1379095767,41.75516,-82.573764,0
234198,2020-09-13 21:52:15,30118423745458,fraud_Kozey-McDermott,travel,3124.84,Jared,Velazquez,M,01479 Murray Circle,Matawan,NJ,7747,40.4109,-74.238,30770,Drilling engineer,1993-04-29,b8237794db73500780337cadc62eb008,1379109135,41.196978,-74.912165,0
236976,2020-09-14 19:24:58,6011382886333463,fraud_Lynch-Mohr,travel,3001.09,Martin,Duarte,M,6251 Payne Flats Apt. 581,Luzerne,MI,48636,44.6001,-84.2931,864,General practice doctor,1942-05-04,b8cd0e86067eb190b833e842f0dbd0ad,1379186698,43.835475,-85.012899,0
240392,2020-09-15 20:45:42,4681699462969,fraud_Conroy Ltd,shopping_pos,3931.39,Joseph,Gonzalez,M,319 Wendy Fort Suite 179,Murfreesboro,TN,37132,35.8596,-86.421,158701,"Journalist, newspaper",1978-03-06,fb7b5814cb4c9a9b9b2e1e25ad82ac0a,1379277942,36.116338,-86.673849,0
240722,2020-09-15 22:59:55,2720433095629877,fraud_Macejkovic-Lesch,shopping_pos,4068.13,Mark,Wood,M,854 Walker Dale Suite 488,Bowdoin,ME,4287,44.0575,-69.9656,3224,"Engineer, electronics",1997-08-22,b965c991a3a7f63c622b0e2dfefbba75,1379285995,44.459727,-69.052808,0
240785,2020-09-15 23:20:16,4158008602445,fraud_Beier-Hyatt,shopping_pos,2825.78,Alicia,Miller,F,976 Hubbard Lodge,Randolph,MN,55065,44.5274,-93.0196,1201,Barrister,1979-12-27,b2e586295b1e486a3b455837c4c8ac07,1379287216,44.948252,-92.234024,0
243909,2020-09-17 22:36:37,3575540972310993,"fraud_Romaguera, Cruickshank and Greenholt",shopping_net,3563.49,Rachel,Villarreal,F,250 Carrie Throughway,University,MS,38677,34.3396,-89.5736,4198,Curator,2001-06-22,55af3b23f6fe729e9fe19a347411f65f,1379457397,33.69709,-90.524942,0
244173,2020-09-18 02:06:03,4988304376504,"fraud_Willms, Kris and Bergnaum",shopping_pos,2354.42,William,Thompson,M,977 Rita Grove Apt. 000,Rock Tavern,NY,12575,41.4575,-74.1659,2258,Building surveyor,1937-03-17,247b648c93e4188471209ff3e488eeb1,1379469963,41.424122,-74.588826,0
247482,2020-09-19 20:24:58,4170689372027579,fraud_Predovic Inc,shopping_net,2895.97,Samuel,Frey,M,830 Myers Plaza Apt. 384,Edmond,OK,73034,35.6665,-97.4798,116001,Media buyer,1993-05-10,9c8584d3c342186cf5a35b781409f7c0,1379622298,36.517771,-97.689341,0
248386,2020-09-20 06:17:50,2713913904780408,"fraud_Willms, Kris and Bergnaum",shopping_pos,2493.43,Jacqueline,Howard,F,4511 Choi Lock,Delhi,LA,71232,32.3929,-91.4714,6581,Multimedia programmer,1964-02-13,76c35ac6d3f871b933a2bd7e30c11cce,1379657870,31.640064,-90.776976,0
249728,2020-09-20 18:06:39,30407675418785,fraud_Mosciski Group,travel,2635.36,Danielle,Evans,F,76752 David Lodge Apt. 064,Breesport,NY,14816,42.1939,-76.7361,520,Psychotherapist,1991-10-13,a9a38ed34c10e6018fadee46574f530b,1379700399,42.96995,-76.812748,0
251793,2020-09-21 12:02:00,3566094707272327,fraud_Johnston-Casper,travel,16837.08,Kristina,Stewart,F,47029 Jimmy Tunnel Apt. 106,Newhall,CA,91321,34.3795,-118.523,34882,Health physicist,1971-04-25,ba246b12f894ab083706e72f9d90ad15,1379764920,35.111725,-118.128435,0
251813,2020-09-21 12:07:03,4259996134423,"fraud_Hartmann, Rowe and Hermann",travel,3069.16,Julie,Johnson,F,9331 Robert Passage Suite 327,Hudson,KS,67545,38.1485,-98.6408,215,Probation officer,1968-11-22,5bafee945fd947bd2fc70a9cae24608e,1379765223,37.262017,-98.315127,0
256126,2020-09-22 20:20:53,4450831335606294,fraud_Goyette-Herzog,travel,4673.39,Donna,Davis,F,6760 Donovan Lakes,Clayton,OK,74536,34.5906,-95.38,1760,Occupational psychologist,1972-01-20,2b0333686165169d82ad913e8ce710c4,1379881253,35.327404,-96.051282,0
257102,2020-09-23 07:26:21,4561546772499,fraud_Flatley-Durgan,misc_net,2116.76,Daniel,Briggs,M,7118 Jessica Unions Apt. 789,Moriarty,NM,87035,34.9889,-106.0609,7268,"Therapist, art",1988-08-04,38b4db8b62d6f9bce27338030a9194a4,1379921181,34.740325,-105.077538,0
258104,2020-09-23 22:20:54,3565423334076143,"fraud_Hahn, Douglas and Schowalter",travel,4308.22,Nathan,Thomas,M,4923 Campbell Pines Suite 717,Carlisle,IN,47838,38.9763,-87.3667,4081,Energy engineer,1938-03-15,2330beafe0194f428f5e3c32711395d2,1379974854,38.618547,-88.00797299999999,0
259192,2020-09-24 15:14:18,30235268718158,fraud_Fisher Inc,shopping_net,3678.39,Kenneth,Doyle,M,8614 Reed Glen,West Harrison,NY,10604,41.0592,-73.7395,11250,Lexicographer,1977-08-16,3eb5b1a11cc5483629005001c96b2b32,1380035658,41.870317,-73.082328,0
260727,2020-09-25 12:25:34,4810839835482794272,"fraud_Mosciski, Ziemann and Farrell",shopping_net,2489.07,Carolyn,Perez,F,433 Blake Roads Suite 967,Wheaton,MO,64874,36.7651,-94.0492,760,Production manager,1985-08-31,c7e715d74a561c75ad85939d0a2ab88a,1380111934,37.586226,-93.7159,0
260986,2020-09-25 14:57:01,30234966027947,fraud_Jacobi and Sons,shopping_pos,2716.23,Matthew,Lambert,M,7188 Melissa Crest Apt. 151,New Holstein,WI,53061,43.9446,-88.0911,5196,Child psychotherapist,1978-01-22,47952d8e5240f314e89885599cc5f0b9,1380121021,44.370942,-88.264802,0
261604,2020-09-25 21:36:47,5359543825610251,fraud_Mosciski Group,travel,8517.38,Michael,Francis,M,1833 Jeanette Stravenue,Belgrade,MT,59714,45.7801,-111.1439,18182,"Engineer, drilling",1975-06-29,e5b4abde3491493d1d9897b24cba9c58,1380145007,45.534538,-111.433653,0
263266,2020-09-26 19:30:30,3545109339866548,"fraud_Kihn, Abernathy and Douglas",shopping_net,2073.66,Keith,Sanders,M,8030 Beck Motorway,Moorhead,MS,38761,33.4783,-90.5142,2870,Chartered public finance accountant,1999-03-05,400be6dd448bc2b94dbee56feba94729,1380223830,32.656396,-91.208803,0
264844,2020-09-27 12:25:41,3501942333500073,"fraud_Baumbach, Strosin and Nicolas",shopping_pos,7320.86,Lori,Bishop,F,08056 Alvarado Club Suite 699,Phoenix,AZ,85086,33.8155,-112.1202,1312922,Counselling psychologist,1999-11-30,02cd6e12ecc0d6e2b53fdecd04acd97a,1380284741,34.239885,-111.975148,0
265156,2020-09-27 14:40:53,346243940647414,fraud_Block-Hauck,travel,3541.74,Sean,Miller,M,6340 Jeffrey Dale,Thornville,OH,43076,39.8974,-82.4071,9051,Audiological scientist,1983-01-08,481f363676ae76905f130e66393eb22e,1380292853,40.119023,-82.304879,0
265569,2020-09-27 17:44:36,4173950183554608,fraud_Conroy Ltd,shopping_pos,5906.28,Stephen,Marshall,M,47144 Roberts Keys,Monmouth Beach,NJ,7750,40.333,-73.9809,3279,Health promotion specialist,1978-10-05,1ea766e8ccd54dbe15886000380420eb,1380303876,40.996932,-74.709321,0
265786,2020-09-27 19:23:08,6011348830550197,fraud_Lesch Ltd,shopping_pos,3700.85,Samuel,Johnston,M,16285 Jessica Lights,Birmingham,AL,35229,33.4629,-86.7904,493806,Musician,1980-07-12,6882d55a84d2f4754ef3b4f68f7010da,1380309788,33.569321,-87.338959,0
267859,2020-09-28 12:50:29,4560395181594436016,fraud_Lemke and Sons,travel,3091.66,Angela,Taylor,F,6343 Ramirez Skyway Apt. 518,Lakeport,CA,95453,39.047,-122.9328,11256,Podiatrist,1972-10-18,665fdab44e546812a9fbbb46f969ea1c,1380372629,38.85964,-121.993637,0
267969,2020-09-28 13:35:55,3596357274378601,fraud_Tromp Group,travel,5373.72,David,Everett,M,4138 David Fall,Morrisdale,PA,16858,41.0001,-78.2357,3688,Advice worker,1973-05-27,ad2aaef64d2a2641c07355266e9c4a60,1380375355,41.839451,-77.622955,0
270984,2020-09-29 12:51:36,4400011257587661852,"fraud_Zboncak, Rowe and Murazik",shopping_net,2770.36,Marissa,Powell,F,474 Allen Haven,North Loup,NE,68859,41.4972,-98.7858,509,"Nurse, children's",1980-09-15,b8e3d675246941f47b3a5dff40aed974,1380459096,40.559582,-98.368333,0
271180,2020-09-29 14:10:06,4767265376804500,"fraud_Hartmann, Rowe and Hermann",travel,4933.81,Jennifer,Conner,F,4655 David Island,Dublin,PA,18917,40.375,-75.2045,2158,Transport planner,1961-06-19,713d46c097a7bf7e73e07cfb583eec9f,1380463806,41.228367,-75.777395,0
272138,2020-09-29 20:30:55,4048508450704760,"fraud_Langworth, Boehm and Gulgowski",shopping_net,2131.75,Cheryl,Melton,F,5053 Bell Crescent Apt. 255,Fullerton,NE,68638,41.36600000000001,-98.0054,1749,"Surveyor, mining",1973-05-07,984cc2dcffc7537cfaaa985250b73034,1380486655,42.047811,-97.408518,0
273327,2020-09-30 12:31:42,3558881852140592,fraud_Kozey-McDermott,travel,4515.08,Christopher,Holt,M,05597 Michael Spurs,Parks,AZ,86018,35.2563,-111.95,759,"Geologist, engineering",1957-03-28,204964b114b20728281ce678e2b7e37c,1380544302,35.628440999999995,-111.573407,0
273388,2020-09-30 13:14:39,4797297220948468262,fraud_Lemke-Gutmann,shopping_net,2843.07,Erica,Briggs,F,3310 Davidson Spurs Apt. 107,Oolitic,IN,47451,38.8938,-86.5246,1228,Counsellor,1991-03-13,55ee4dec7dfec983a86725e2936724d6,1380546879,38.128245,-85.99475799999999,0
281048,2020-10-04 13:50:44,36153880429415,fraud_Lemke and Sons,travel,2129.9,Erik,Stevens,M,84033 Pitts Overpass,Lakeland,FL,33809,28.1762,-81.9591,237282,Plant breeder/geneticist,1949-10-13,f477231e5606fa282f641194a3eb36b6,1380894644,27.360475,-82.137019,0
284621,2020-10-05 17:40:53,375767678113375,fraud_Reichert-Weissnat,travel,3305.32,Christopher,Patterson,M,16744 Campbell Wall Apt. 372,Timberville,VA,22853,38.6476,-78.7717,4367,Waste management officer,1962-04-12,6f6fc058d9df9fd975e9d11329515fba,1380994853,39.084373,-79.64919,0
285583,2020-10-05 23:27:55,4497913965512794052,fraud_Ankunding-Carroll,travel,2768.66,Scott,Edwards,M,838 Amy Street Suite 107,Pembroke,NC,28372,34.6902,-79.1834,14783,Hospital doctor,1955-11-07,19076302ed093886b98452a79e22a097,1381015675,35.525965,-79.90978100000001,0
289051,2020-10-07 06:50:16,5501083170975659,fraud_Mante Group,misc_net,2419.54,Wayne,Payne,M,587 Bradley Inlet Suite 281,Cuyahoga Falls,OH,44223,41.1464,-81.5107,47772,Equities trader,1966-01-04,a01204522e98946a873385cef231470d,1381128616,40.735022,-81.766019,0
292174,2020-10-09 05:14:40,2576709887791552,fraud_Hudson-Grady,shopping_pos,3119.87,Joseph,Morgan,M,126 Underwood Drive,San Diego,CA,92128,33.0067,-117.069,1241364,Chartered public finance accountant,1959-08-05,49394c2e1414f4bf475ab654faa91acf,1381295680,32.341412,-116.10738700000002,0
293245,2020-10-09 18:53:55,6592243974328236,fraud_Donnelly PLC,misc_net,2522.05,Philip,Hart,M,97405 Vazquez Plains,Montgomery,AL,36111,32.3374,-86.2715,214703,"Chemist, analytical",1994-10-07,04e63c3c31da83ccd884299e30d93f4d,1381344835,32.894863,-86.905573,0
294744,2020-10-10 14:28:22,3501509250702469,fraud_Fisher Inc,shopping_net,2672.88,Frank,Anderson,M,0611 Stafford Valley Suite 504,Naples,FL,34112,26.1184,-81.7361,276002,"Programme researcher, broadcasting/film/video",1979-01-02,748c0af7a120eff74305c8090054482a,1381415302,26.508974,-81.380994,0
294871,2020-10-10 15:43:04,4400011257587661852,"fraud_Altenwerth, Cartwright and Koss",shopping_net,2196.45,Marissa,Powell,F,474 Allen Haven,North Loup,NE,68859,41.4972,-98.7858,509,"Nurse, children's",1980-09-15,776bfffce9bbe562b33adedeca96fd30,1381419784,41.046068,-99.506459,0
294948,2020-10-10 16:27:46,6011724471098086,"fraud_Swaniawski, Lowe and Robel",shopping_pos,2270.11,Ann,Lawson,F,144 Evans Islands Apt. 683,Burbank,WA,99323,46.1966,-118.9017,3684,Musician,1981-11-29,1661c6568fa1cf2813972a185f327388,1381422466,45.63293,-119.656278,0
295577,2020-10-10 22:57:03,30238755902988,fraud_Lynch Ltd,shopping_pos,2242.08,Danielle,Yu,F,5395 Colon Burgs Suite 037,Thrall,TX,76578,30.592,-97.2893,1766,Press sub,1976-01-02,a3ffa7429ea14f94065492dfbfa5336b,1381445823,30.852624,-97.279607,0
296061,2020-10-11 04:09:58,3514897282719543,fraud_Mohr Inc,shopping_pos,3487.37,Steven,Faulkner,M,841 Cheryl Centers Suite 115,Farmington,NY,14425,42.958,-77.3083,10717,Cytogeneticist,1952-10-13,956188a39786b033e04cf320603c3290,1381464598,42.068122,-77.232537,0
299837,2020-10-12 13:00:15,2285066385084291,fraud_Lemke and Sons,travel,3103.14,Richard,Brown,M,17819 Jose Mount Suite 657,Heidelberg,MS,39439,31.882,-88.9981,4573,"Exhibitions officer, museum/gallery",1988-02-15,67a51aac5af9e4d2a3bdffe8a11b1a77,1381582815,32.772316,-89.476651,0
300045,2020-10-12 14:23:35,4859525594182537,fraud_Mohr-Bayer,shopping_net,2621.46,Rebecca,Farley,F,383 Long Islands,Downsville,NY,13755,42.0716,-75.0152,1228,"Psychotherapist, child",1990-02-25,1ce7f8c558aa8be4d7e4016c8006cb0e,1381587815,42.732864,-75.091454,0
300424,2020-10-12 16:42:33,2235613922823698,fraud_Mohr Inc,shopping_pos,3224.39,Melissa,Mcclure,F,2027 Snyder Track,Manville,WY,82227,42.73,-104.7024,241,Educational psychologist,1980-12-16,6c38bcfd54d8f3ba7594e29b96807be2,1381596153,42.963629,-105.127173,0
300589,2020-10-12 17:42:06,3551217896304745,fraud_Little-Gleichner,travel,3404.91,Sara,Harris,F,597 Jenny Ford Apt. 543,Tupper Lake,NY,12986,44.232,-74.4905,6120,Chartered loss adjuster,1976-10-09,84bbe6a10b547bee2b9af87c7b2a8c0d,1381599726,44.893964,-73.902082,0
301539,2020-10-12 23:32:57,4048508450704760,fraud_Mohr-Bayer,shopping_net,4450.0,Cheryl,Melton,F,5053 Bell Crescent Apt. 255,Fullerton,NE,68638,41.36600000000001,-98.0054,1749,"Surveyor, mining",1973-05-07,82d9aff00cdb6e6a7f0e5f532e68f9b7,1381620777,42.335961,-98.997009,0
302906,2020-10-13 12:55:25,2283743876903625,fraud_Reichert-Weissnat,travel,7886.26,Shannon,Williams,F,9345 Spencer Junctions Suite 183,Alpharetta,GA,30009,34.077,-84.3033,165556,Prison officer,1997-12-27,874bbbf9350d05cc701062340520d28a,1381668925,33.666478999999995,-83.44666099999999,0
303337,2020-10-13 15:28:58,6011231546538393,fraud_Pouros-Conroy,shopping_pos,6111.78,Johnny,Bennett,M,321 Camacho Causeway,Boonton,NJ,7005,40.9115,-74.414,15269,"Psychologist, sport and exercise",1993-07-05,5cce8d2941d82e2d65e3635cea08c97c,1381678138,41.461943,-74.827069,0
305415,2020-10-14 14:22:59,3560318482131952,fraud_Hackett Group,travel,3422.77,William,Skinner,M,524 Wu Spurs Suite 894,Mount Hope,AL,35651,34.4793,-87.4769,1312,"Librarian, academic",1955-02-01,7b9280cd43096f6fa8ba27c7b1296516,1381760579,35.401234,-88.456513,0
306878,2020-10-15 12:40:19,373213026644490,"fraud_Hahn, Douglas and Schowalter",travel,4112.78,Bobby,Smith,M,3495 Williams Stream,San Diego,CA,92101,32.7185,-117.1593,1241364,Comptroller,1987-11-30,f1abffc1e0fb5e26aa6f76654411daf2,1381840819,33.216971,-117.616121,0
308638,2020-10-16 12:09:48,6011504998544485,fraud_Schmidt and Sons,shopping_net,2288.39,Ashley,Whitney,F,4038 Smith Avenue,Jones,AL,36749,32.5104,-86.8138,1089,Materials engineer,1971-11-02,9445306558ca7f2ec57369cdccd67f75,1381925388,31.656543,-86.71839200000001,0
310745,2020-10-17 13:55:11,639023984367,"fraud_Roob, Conn and Tremblay",shopping_pos,4198.4,Destiny,Lowe,F,79472 Stevens Trace Apt. 120,Hannawa Falls,NY,13647,44.6087,-74.9732,69,Chief Executive Officer,1991-06-05,97c020d2a16ecb9c50f7d7608a3ad2a5,1382018111,44.233134,-74.142543,0
316411,2020-10-19 16:44:01,3559679414981506,"fraud_Ritchie, Bradtke and Stiedemann",travel,5787.11,Olivia,Stephenson,F,292 Cassidy Oval,Lowville,NY,13367,43.7893,-75.4156,8830,Theme park manager,1991-03-29,106771cd23749f70ddf60c798a7f0871,1382201041,42.998751,-75.147391,0
316654,2020-10-19 18:11:49,3568255211412877,"fraud_Schroeder, Wolff and Hermiston",travel,12969.9,Timothy,Gomez,M,707 Anthony Causeway,Leo,IN,46765,41.2249,-85.0301,5341,Biomedical engineer,1994-11-24,3433e46c700a366392f7e0dc96505b13,1382206309,40.767099,-84.953818,0
319622,2020-10-20 17:31:17,374930071163758,"fraud_Okuneva, Schneider and Rau",shopping_pos,2411.63,Daniel,Escobar,M,61390 Hayes Port,Romulus,MI,48174,42.2203,-83.3583,31515,Police officer,1971-11-05,ef74b2aadeaf5210f8a04c5ad4ec2eca,1382290277,43.063432,-82.764578,0
320251,2020-10-20 21:36:58,30270432095985,"fraud_Roob, Conn and Tremblay",shopping_pos,5348.91,Lisa,Lin,F,908 Brooks Brook,Lomax,IL,61454,40.6761,-91.0391,725,Environmental consultant,1972-11-28,3720d8aaf44d8f112df0d0fdc738ab61,1382305018,39.846278000000005,-90.726273,0
323047,2020-10-22 14:46:51,3565996340207976,fraud_Kihn Inc,shopping_pos,2108.04,Warren,Daniels,M,23656 Harris Gardens Suite 698,El Paso,TX,79906,31.8092,-106.4247,749635,Market researcher,1973-01-21,01e778308254e5271380d0845daa73f8,1382453211,32.636365000000005,-107.012984,0
325709,2020-10-23 23:30:18,377026671291680,"fraud_Roob, Conn and Tremblay",shopping_pos,2075.86,Jackie,Davis,F,1898 Parker Fork Apt. 057,Redford,MO,63665,37.3272,-91.0243,241,Investment analyst,1974-10-27,9caf8729e9de700c86eebd1122b206ab,1382571018,38.20673,-90.827057,0
325979,2020-10-24 03:54:09,2256234701263057,fraud_Botsford Ltd,shopping_pos,2507.65,Christopher,Grimes,M,39631 Dunn Radial,Grantham,NH,3753,43.5103,-72.1334,2971,Charity fundraiser,1948-04-11,15244b2e0cb9196ec8d859c157016f26,1382586849,42.785321,-72.72381,0
326664,2020-10-24 14:24:57,4129767952109660,fraud_Pacocha-Bauch,shopping_pos,5920.5,Cheryl,Ballard,F,248 James Squares Apt. 838,Halstad,MN,56548,47.3551,-96.798,771,"Scientist, audiological",1972-06-14,79b8edbc1ebbfb693e0275a3b4d4b6a0,1382624697,46.971277,-97.438079,0
327373,2020-10-24 22:20:26,2576709887791552,fraud_Ankunding-Carroll,travel,8158.27,Joseph,Morgan,M,126 Underwood Drive,San Diego,CA,92128,33.0067,-117.069,1241364,Chartered public finance accountant,1959-08-05,0ae7839d1f490b5c7d2937dd364d0bb0,1382653226,33.424792,-116.191596,0
328850,2020-10-25 14:02:33,581686439828,fraud_Lemke-Gutmann,shopping_net,2537.28,Larry,House,M,911 Sabrina Trafficway,Cochranton,PA,16314,41.5205,-80.0573,5507,Retail merchandiser,1973-07-28,5e87c422a6637bd60c5b271fcfa86ec9,1382709753,41.243559000000005,-79.88604699999999,0
330072,2020-10-25 22:46:05,4155021259183870,"fraud_Schmeler, Bashirian and Price",shopping_net,3712.07,Renee,Parrish,F,174 Jennifer Meadow Apt. 467,Mountain Park,OK,73559,34.7032,-98.9591,540,Research scientist (life sciences),1983-10-12,7a7bb1e01c72529d5a28230ecacf2a08,1382741165,33.984790999999994,-99.049805,0
332317,2020-10-26 16:49:01,2231186809828225,fraud_Kessler Inc,travel,3280.68,Katherine,Pennington,F,73869 Connie Prairie,Vienna,GA,31092,32.0913,-83.7922,7420,Phytotherapist,1957-01-15,5dbc3dc47ea8f675338a1eeda741824b,1382806141,32.183637,-83.439222,0
332334,2020-10-26 16:54:33,6011381817520024,fraud_Gerlach Inc,shopping_net,2745.82,Kristen,Allen,F,8619 Lisa Manors Apt. 871,Lagrange,WY,82221,41.6423,-104.1974,635,Product/process development scientist,1973-07-13,de070a2a0c6a6d513ec25bc5ab5e30a2,1382806473,41.948701,-105.056688,0
332911,2020-10-26 20:21:33,3525590521269779,fraud_Predovic Inc,shopping_net,3372.11,Scott,Fuller,M,861 Karen Common,Haw River,NC,27258,36.0424,-79.3242,6006,Paramedic,1984-07-20,69a82f07c9986e3e83aea032834134fb,1382818893,36.262908,-79.225511,0
335080,2020-10-27 13:56:53,3506592072985012,fraud_Mohr-Bayer,shopping_net,5757.51,Randy,Murphy,M,0356 Sarah Light,Ballwin,MO,63021,38.577,-90.5255,92608,"Engineer, communications",2001-07-26,8395a7a1afab9502ff9064118e784880,1382882213,39.206351,-90.645736,0
336596,2020-10-27 23:53:02,348253506557335,"fraud_Hahn, Douglas and Schowalter",travel,2927.35,Thomas,Gibson,M,32745 Silva Springs Suite 040,Grand Bay,AL,36541,30.4983,-88.3282,15647,Armed forces logistics/support/administrative officer,1948-03-22,6775b9b21b8d5a037cf94c57690a9ef6,1382917982,29.581919,-88.63720699999999,0
339225,2020-10-29 17:02:11,3583793405872580,fraud_Predovic Inc,shopping_net,3120.74,Beth,Lambert,F,6447 Johnson Estates Apt. 986,Roosevelt,OK,73564,34.847,-98.9836,551,Amenity horticulturist,1970-09-27,1ce1dca6b48ef360cb31e4e4c73e3d40,1383066131,34.723659000000005,-99.680177,0
340846,2020-10-30 15:14:51,580954173374,fraud_Little-Gleichner,travel,2316.15,Jessica,Benitez,F,31281 Thomas Inlet,Montrose,NY,10548,41.2496,-73.9446,3487,Race relations officer,1960-01-13,5316ac932a217a010f3569bc64e069d4,1383146091,41.745728,-74.82989,0
340949,2020-10-30 16:15:07,6011603272871604,fraud_Ebert-Daugherty,travel,2699.36,Robert,Holland,M,431 Tracy Expressway,Milner,GA,30257,33.141,-84.1759,4138,Field seismologist,1969-05-16,46852889a6e3c3e78a98c86f785f5ef3,1383149707,34.030419,-84.647563,0
341045,2020-10-30 17:07:14,3598304579370089,fraud_Block-Hauck,travel,4479.14,Vincent,Flowers,M,0189 Emily Prairie,Wichita,KS,67232,37.6395,-97.1714,409656,Heritage manager,1985-12-27,a6ab1368f7c24c2e54cf732e4c49ee4d,1383152834,37.995364,-98.061558,0
341409,2020-10-30 21:00:00,676245600876,"fraud_Ritchie, Bradtke and Stiedemann",travel,2567.97,Ashley,Blanchard,F,292 Lowe Dam Suite 858,West Palm Beach,FL,33417,26.7197,-80.1248,459921,Historic buildings inspector/conservation officer,1960-06-14,19278328b03ecc4e8853542845e2e267,1383166800,27.198052,-80.04978299999999,0
341867,2020-10-31 02:56:32,30343344410970,fraud_Sawayn PLC,shopping_pos,2754.93,Jacob,Dawson,M,663 Anna Plaza,Marienville,PA,16239,41.4622,-79.1306,4172,"Copywriter, advertising",1962-03-20,442be5230ecc5576f3a438115f4f3ada,1383188192,40.935056,-78.365207,0
343431,2020-10-31 22:36:06,4342532437704183,"fraud_Kunze, Larkin and Mayert",travel,3865.49,Kevin,Elliott,M,1852 Vincent Isle Suite 328,Newark Valley,NY,13811,42.2281,-76.1625,4354,Further education lecturer,1994-02-16,da1994695d1995a5f4a5a5ca12bf87ba,1383258966,42.466372,-75.858079,0
343445,2020-10-31 22:44:03,30561214688470,fraud_Predovic Inc,shopping_net,4082.08,Gina,Morrison,F,41851 Victor Drives Suite 219,Allentown,PA,18103,40.5891,-75.4645,166081,"Scientist, research (maths)",1998-10-01,355224ed74360f3c7916350179047182,1383259443,41.563426,-74.465053,0
344697,2020-11-01 13:01:49,639023984367,fraud_Mayert Group,shopping_pos,2532.44,Destiny,Lowe,F,79472 Stevens Trace Apt. 120,Hannawa Falls,NY,13647,44.6087,-74.9732,69,Chief Executive Officer,1991-06-05,64609f4f217ce115b803046f42166725,1383310909,44.046516,-75.736307,0
349315,2020-11-02 23:31:38,6554245334757802,"fraud_Monahan, Hermann and Johns",travel,4640.61,Monique,Robinson,F,07712 Marcus Divide Apt. 831,Laguna Hills,CA,92637,33.615,-117.7114,45303,Sales executive,1969-12-22,506a57dcd98d7a2796f0b4dea8be246c,1383435098,34.350722999999995,-117.789498,0
350381,2020-11-03 09:37:01,3592325941359225,"fraud_Swaniawski, Lowe and Robel",shopping_pos,3778.46,Ashley,Robinson,F,1007 Colton Forks,Hopewell,VA,23860,37.2876,-77.295,31970,Purchasing manager,1935-08-15,cc2650f9529d57a99d5b32cf0e5788d8,1383471421,36.683046,-77.570918,0
350681,2020-11-03 12:20:20,36078114201167,fraud_Ankunding-Carroll,travel,5936.8,Christopher,Horn,M,956 Sanchez Highway,Mallie,KY,41836,37.2692,-82.9161,798,Facilities manager,1926-06-26,4ef348c1c92f0cfb5dd64d3e90e691b6,1383481220,36.913914,-82.740922,0
350836,2020-11-03 13:20:46,30518196150127,fraud_Pfeffer and Sons,shopping_pos,2289.81,Karen,Sullivan,F,6313 Scott Trace,Rossville,IL,60963,40.3625,-87.6692,1807,"Buyer, retail",1975-06-02,bbc29568db8736a0372d51567e20d165,1383484846,40.440168,-88.533781,0
351776,2020-11-03 19:08:15,4450831335606294,fraud_Goyette Inc,shopping_net,2274.48,Donna,Davis,F,6760 Donovan Lakes,Clayton,OK,74536,34.5906,-95.38,1760,Occupational psychologist,1972-01-20,916cb4d8193260e178c559a737c7bed9,1383505695,35.40278,-95.315994,0
355112,2020-11-05 17:06:58,4560004149983868183,fraud_Jewess LLC,shopping_pos,2255.15,Stacy,Villegas,F,20581 Pena Walks,Colorado Springs,CO,80951,38.8881,-104.6556,525713,Museum/gallery exhibitions officer,1992-05-09,6448b3a64bd28d7844cec8ebc1a12b3b,1383671218,38.976119,-104.841288,0
357231,2020-11-06 20:43:52,3528231451607350,fraud_Satterfield-Lowe,travel,4439.93,Lauren,Moreno,F,83719 Wilson Shore,Heislerville,NJ,8324,39.224,-74.9942,526,Exercise physiologist,1940-09-06,2e16db29c8341cd52d8e864cd100be23,1383770632,39.502798,-75.931623,0
359220,2020-11-07 22:03:35,38295635583927,"fraud_Okuneva, Schneider and Rau",shopping_pos,2241.91,Candice,Brown,F,9412 Harris Mews,O Brien,TX,79539,33.3749,-99.8473,178,Warden/ranger,1983-06-14,fce1529f82ad89a7c2d6fba85c161306,1383861815,34.290513,-99.767731,0
360867,2020-11-08 15:13:06,4104312520615374,"fraud_Greenholt, O'Hara and Balistreri",shopping_net,2377.61,Brooke,Rodriguez,F,901 Todd Gardens Apt. 466,Mountain Center,CA,92561,33.6401,-116.5567,1661,"Therapist, music",1988-09-19,a2c6157e8ba0d6fd17e60e2656b752f0,1383923586,34.387987,-115.647177,0
363885,2020-11-09 14:44:59,4538566639857,fraud_Satterfield-Lowe,travel,4394.68,Jerry,Kelly,M,3539 Mckenzie Stream,Fairview,NJ,7022,40.817,-74.0,13835,"Programmer, multimedia",1967-05-28,41e7de3ed8a7991177a57bed511a9597,1384008299,41.075374,-74.339301,0
364979,2020-11-09 21:06:12,4933461930348832,fraud_Conroy Ltd,shopping_pos,2154.75,Richard,Carter,M,5097 Martin Ridges,Minneapolis,MN,55403,44.9673,-93.2828,1022298,Chemical engineer,1976-09-29,591c735fe1be5056939a7db39dcf2edd,1384031172,44.66426,-93.855566,0
367026,2020-11-10 13:38:55,3506592072985012,fraud_Botsford Ltd,shopping_pos,2259.49,Randy,Murphy,M,0356 Sarah Light,Ballwin,MO,63021,38.577,-90.5255,92608,"Engineer, communications",2001-07-26,9f416e6d91cb4f7d1baa2effdacbd5e3,1384090735,39.010039,-91.087404,0
367279,2020-11-10 15:16:03,4364010865167176,fraud_Friesen Inc,shopping_pos,4093.22,Gary,Martinez,M,03512 Jackson Ports,Reno,NV,89512,39.5483,-119.7957,276896,Immunologist,1997-03-12,b69b7468ac1cb4202932a45cd4072f40,1384096563,39.001156,-119.291389,0
371558,2020-11-12 20:55:29,4897067971111209737,fraud_Jacobi and Sons,shopping_pos,2088.89,Randy,Wood,M,542 Howe Mission Apt. 092,Port Richey,FL,34668,28.3011,-82.6927,42619,Environmental education officer,1975-10-07,6cfa881f41b99727266bc459c6876bda,1384289729,28.564361,-81.920209,0
374862,2020-11-14 16:46:20,375082648741747,fraud_Kuhic LLC,shopping_net,2546.9,Shannon,Bell,F,2918 David Spurs,Georgetown,MN,56546,47.0999,-96.727,346,"Research officer, trade union",1976-12-14,0a7272df2b6434385af33a90e561b642,1384447580,46.483005,-96.130555,0
379589,2020-11-16 12:58:40,4266200684857219,fraud_Thiel Ltd,travel,4344.58,Joshua,Bryant,M,5452 Patricia Inlet Apt. 280,Nelson,NE,68961,40.201,-98.0684,732,Television/film/video producer,1956-12-13,fbcbc5005b0b4d33e117ff7582a3a8a3,1384606720,40.46735,-97.553416,0
380258,2020-11-16 17:10:01,372509258176510,"fraud_Reichel, Bradtke and Blanda",travel,7343.29,Kristen,Hanson,F,26544 Andrea Glen,Goodrich,MI,48438,42.9147,-83.4845,6951,Learning disability nurse,1985-06-18,0edaa5d1dcf035848c0990143d70aad6,1384621801,43.883589,-83.524443,0
381020,2020-11-16 21:37:04,4836998673805450,fraud_Gislason Group,travel,2956.31,Susan,Hardy,F,516 Brown Parks,Manistique,MI,49854,46.0062,-86.2555,6469,Trade mark attorney,1979-04-12,e3311fe1b237bb2a1c605d809afb883e,1384637824,45.378123,-85.354697,0
383271,2020-11-17 15:56:07,3552581383553463,"fraud_Hartmann, Rowe and Hermann",travel,2532.98,Jonathan,Castro,M,200 Christie Mills Apt. 307,Andrews,NC,28901,35.1959,-83.8228,5354,Retail buyer,1965-04-13,70d3c8b1c66d2656e3c80a1b548982a4,1384703767,36.087087,-84.82016999999999,0
383460,2020-11-17 17:13:10,4797297220948468262,fraud_Jast-McDermott,shopping_pos,3123.9,Erica,Briggs,F,3310 Davidson Spurs Apt. 107,Oolitic,IN,47451,38.8938,-86.5246,1228,Counsellor,1991-03-13,578d726753e6afdf245e643e9838f6f0,1384708390,39.775831,-86.963014,0
384831,2020-11-18 06:39:28,3502377050801561,fraud_Stoltenberg-Beatty,shopping_pos,2665.91,Kathleen,Martin,F,659 Nicole Cove Suite 560,New Waverly,TX,77358,30.5354,-95.4532,4993,"Scientist, biomedical",1948-11-30,376605876f86f9e7fb1c6cb6def83ee9,1384756768,30.337542,-95.441516,0
388676,2020-11-20 14:54:02,371284100299909,"fraud_Willms, Kris and Bergnaum",shopping_pos,2156.67,Hannah,Thomas,F,1004 Willis Pass,Hedley,TX,79237,34.8698,-100.6806,513,Early years teacher,1976-05-24,1e45101d2b87013ceac69af9bb66d528,1384959242,34.735234000000005,-101.587557,0
388747,2020-11-20 15:48:29,376656886990758,fraud_Fritsch LLC,travel,3607.05,Richard,Vance,M,169 Shelia Knoll Suite 753,Zavalla,TX,75980,31.1569,-94.3871,2836,"Designer, jewellery",1985-12-03,9c595f2039a89426394368258b63c41c,1384962509,31.254567,-94.10582,0
390864,2020-11-21 18:53:46,4826655832045236,"fraud_Medhurst, Labadie and Gottlieb",travel,3075.48,Tami,Forbes,F,5204 Robinson Plaza Suite 897,Barnstable,MA,2630,41.6983,-70.3001,1850,Counselling psychologist,1963-12-29,dde1afe6aef2d43ed066623d3212b8ad,1385060026,42.182974,-69.706664,0
393385,2020-11-22 19:26:05,3567879740649740,"fraud_Larson, Quitzon and Spencer",travel,2854.64,Tanya,Williams,F,566 Megan Well,Brownville,NY,13615,44.0577,-76.0196,1271,"Producer, radio",1958-08-14,943e1369c24f96c98f6d1510348b6a69,1385148365,44.666457,-75.993574,0
395365,2020-11-23 12:59:46,30235268718158,"fraud_Weimann, Kuhic and Beahan",shopping_pos,2893.11,Kenneth,Doyle,M,8614 Reed Glen,West Harrison,NY,10604,41.0592,-73.7395,11250,Lexicographer,1977-08-16,4866e3e77d9e8dbfe9f42c5bd37f8003,1385211586,41.398461,-73.19267099999999,0
396716,2020-11-23 21:07:03,4797297220948468262,"fraud_Greenholt, O'Hara and Balistreri",shopping_net,2273.62,Erica,Briggs,F,3310 Davidson Spurs Apt. 107,Oolitic,IN,47451,38.8938,-86.5246,1228,Counsellor,1991-03-13,f3b329c6892bf9447181c59db3c5464f,1385240823,38.109875,-86.295785,0
396870,2020-11-23 22:07:22,30235268718158,fraud_Lesch Ltd,shopping_pos,2761.28,Kenneth,Doyle,M,8614 Reed Glen,West Harrison,NY,10604,41.0592,-73.7395,11250,Lexicographer,1977-08-16,7101a0e20b049eede413bfa23a35b7a7,1385244442,40.251632,-73.756527,0
398445,2020-11-24 12:34:02,6011504998544485,"fraud_Baumbach, Hodkiewicz and Walsh",shopping_pos,2659.44,Ashley,Whitney,F,4038 Smith Avenue,Jones,AL,36749,32.5104,-86.8138,1089,Materials engineer,1971-11-02,49b0b2bdf6d8013292441e011467e24d,1385296442,32.987815999999995,-86.796334,0
399158,2020-11-24 17:07:59,2283743876903625,fraud_Ankunding-Carroll,travel,3719.96,Shannon,Williams,F,9345 Spencer Junctions Suite 183,Alpharetta,GA,30009,34.077,-84.3033,165556,Prison officer,1997-12-27,c69025d76faf78e0136bfe832aa8c5c2,1385312879,34.985799,-84.537275,0
400011,2020-11-24 22:54:15,6535328428560433,fraud_Kovacek Ltd,travel,9410.41,Michelle,Beck,F,2887 Olson Road Suite 439,Minneapolis,MN,55428,45.0632,-93.3811,1022298,Analytical chemist,1967-10-28,b7a9fa52534a9afcaf4d17d729339654,1385333655,44.195384,-93.666772,0
400172,2020-11-24 23:55:46,4642894980163,"fraud_McLaughlin, Armstrong and Koepp",travel,2926.67,Eddie,Mendez,M,1831 Faith View Suite 653,Clarinda,IA,51632,40.7491,-95.038,7297,IT trainer,1990-07-13,3499ca2ea37ea0d4c39731a247890bb8,1385337346,40.121782,-94.335006,0
400839,2020-11-25 12:56:36,630451534402,fraud_Jacobi and Sons,shopping_pos,2212.54,Rachel,Daniels,F,561 Little Plain Apt. 738,Wetmore,MI,49895,46.3535,-86.6345,765,Immunologist,1972-06-12,f59d34c46b8da9fc2a3e843cbe52516a,1385384196,47.228259,-87.264707,0
401409,2020-11-25 20:46:03,60416207185,fraud_Pouros-Haag,shopping_pos,3437.46,Mary,Diaz,F,9886 Anita Drive,Fort Washakie,WY,82514,43.0048,-108.8964,1645,Information systems manager,1986-02-17,0dc0bbf62ad83e2844c1424dd548baf1,1385412363,43.022693,-109.746267,0
401463,2020-11-25 21:32:03,4383521454815,"fraud_Swaniawski, Lowe and Robel",shopping_pos,3181.9,John,Robertson,M,209 Austin Stream Apt. 231,Indianapolis,IN,46290,39.9347,-86.1633,910148,Academic librarian,1987-09-22,de346ee4fe790bbbd430c814e65068bb,1385415123,40.816513,-85.962822,0
401632,2020-11-25 23:26:58,6011492816282597,fraud_Little-Gleichner,travel,3359.23,Gary,Barnes,M,2970 Flores Brooks,Smackover,AR,71762,33.3398,-92.7442,2501,Financial adviser,1986-06-11,293fd89578362df1b13f626f371eecfa,1385422018,33.18582,-93.121264,0
404128,2020-11-27 12:37:21,4260059589824237,"fraud_Douglas, DuBuque and McKenzie",travel,5056.21,Aaron,Rogers,M,969 Huerta Path Apt. 270,Valentine,NE,69201,42.8062,-100.6215,4005,Network engineer,1945-03-15,79794ef308bd44cff390320de170c015,1385555841,42.521516,-100.561151,0
404336,2020-11-27 14:54:06,4497913965512794052,fraud_Kovacek Ltd,travel,19364.91,Scott,Edwards,M,838 Amy Street Suite 107,Pembroke,NC,28372,34.6902,-79.1834,14783,Hospital doctor,1955-11-07,88d5f18471024a72f0937f7a628327f9,1385564046,33.789732,-78.63094699999999,0
406800,2020-11-28 22:36:21,6011399591920186,fraud_Conroy Ltd,shopping_pos,2265.62,Maria,Roy,F,58665 Nicholas Ford Suite 348,Sheffield,MA,1257,42.1001,-73.3611,2121,Radio producer,1973-10-14,ab9104687cca526670d9eb9aa0e25bb5,1385678181,41.564482,-72.82753100000001,0
406863,2020-11-28 23:08:03,503874407318,fraud_Jast Ltd,shopping_net,2132.89,Andrew,Mcgee,M,4130 Tiffany Glen Apt. 562,San Antonio,TX,78248,29.5894,-98.5201,1595797,Exhibition designer,1975-12-28,8aff8c735522b2057c9e53dfaf2d0909,1385680083,29.831161,-98.462851,0
411892,2020-11-30 10:49:24,4428154703770710,fraud_Kihn Inc,shopping_pos,2253.2,Brittany,Guerra,F,79209 Gary Dale,Colton,WA,99113,46.5901,-117.1692,761,Chief Marketing Officer,1943-06-30,1b701d300e13e6c832cd6f5dd615a512,1385808564,45.828038,-116.183093,0
412983,2020-11-30 14:32:28,3525590521269779,fraud_Hickle Group,shopping_pos,2261.59,Scott,Fuller,M,861 Karen Common,Haw River,NC,27258,36.0424,-79.3242,6006,Paramedic,1984-07-20,7cfc9f6a983746ca578d12a354564e59,1385821948,35.282095,-78.546832,0
414018,2020-11-30 17:37:51,5152054598359927,fraud_Metz-Boehm,shopping_pos,3947.88,Jim,Johnson,M,868 Brady Mill Apt. 837,Gretna,LA,70056,29.8872,-90.0331,55581,Biomedical scientist,1972-09-12,72761b363f46f3e40268cc42e33c83c2,1385833071,29.780904,-89.736235,0
414224,2020-11-30 18:16:07,4178097073221156,fraud_Gislason Group,travel,4587.8,Jill,Flores,F,639 Cruz Islands,Baroda,MI,49101,41.9488,-86.4913,3104,"Horticulturist, commercial",1981-03-29,1e3acfbbcf82340a82a744f015f3c9ba,1385835367,41.532718,-87.260749,0
415675,2020-11-30 22:28:02,3576021480694169,fraud_Medhurst PLC,shopping_net,3440.4,Dawn,Gray,F,9486 Joel Common Suite 554,Topeka,KS,66618,39.1329,-95.7023,163415,Secondary school teacher,2004-12-30,992c7446095dd6c7bfe878311f1f5fdf,1385850482,38.986865,-95.189528,0
419997,2020-12-01 16:31:45,4302475216404898,fraud_Gislason Group,travel,3634.18,Daniel,Cain,M,384 Newman Forks Apt. 370,Belmond,IA,50421,42.8511,-93.62,3032,Community pharmacist,1964-08-08,f96804199dff9d6ebf6f6eb373f65d9b,1385915505,42.183071000000005,-94.033047,0
421365,2020-12-01 20:49:15,4181833256558613886,fraud_Gleason-Macejkovic,shopping_net,3215.79,Jessica,Potter,F,7600 Stephen Course Suite 031,Red River,NM,87558,36.6659,-105.4694,606,"Surveyor, land/geomatics",1988-09-06,fce21f54c204af866a505593ccdf8978,1385930955,36.471333,-105.066548,0
427150,2020-12-03 15:12:01,3501942333500073,fraud_Metz-Boehm,shopping_pos,2174.57,Lori,Bishop,F,08056 Alvarado Club Suite 699,Phoenix,AZ,85086,33.8155,-112.1202,1312922,Counselling psychologist,1999-11-30,8c4baa23e36bee9bfc88c1f070712a57,1386083521,33.032145,-113.081232,0
429072,2020-12-04 03:28:51,2288748891690227,"fraud_Gottlieb, Considine and Schultz",shopping_net,2965.05,Kathleen,Heath,F,9297 Victor Rest Apt. 382,Albuquerque,NM,87116,35.0561,-106.5506,641349,Charity officer,1967-01-24,0c9bc28d6452a97e3f4d9f83d8d901ad,1386127731,34.454148,-106.089657,0
430069,2020-12-04 11:42:52,4186530744674,"fraud_Reichert, Shanahan and Hayes",shopping_net,2383.68,Casey,Howell,F,374 Christopher Ramp Suite 855,Blackville,SC,29817,33.3645,-81.2718,4913,Technical brewer,1966-11-10,5591891c51f2925aabdad22f4d739904,1386157372,33.196017,-81.446517,0
431642,2020-12-04 20:22:44,4469777115158234880,fraud_Hermann and Sons,shopping_pos,2822.56,Gregory,Graham,M,4005 Dana Glens,Methuen,MA,1844,42.728,-71.181,47249,Market researcher,1980-11-22,4717c52d9e1c51bbd77d2ba78e89628c,1386188564,43.624677,-70.304261,0
434785,2020-12-05 17:08:47,630424987505,"fraud_Douglas, Schneider and Turner",shopping_pos,3479.09,Jennifer,Black,F,2870 Bean Terrace Apt. 756,Thomas,WV,26292,39.1505,-79.503,836,Forensic psychologist,1981-08-29,b27f3f5928197f57c8b6fabe96b044c4,1386263327,39.907477,-79.772467,0
438309,2020-12-06 12:16:52,3554849923339851,fraud_Kovacek Ltd,travel,5421.72,John,Hudson,M,886 Nicole Key,Stillwater,OK,74074,36.1043,-97.0609,55345,Cabin crew,1948-05-01,be1fe1dfd67305ea7a85f40751c56dbc,1386332212,35.221204,-96.101929,0
438804,2020-12-06 13:56:06,4926376199189801,"fraud_Douglas, Schneider and Turner",shopping_pos,2723.07,Claire,Davis,F,83685 Matthew Center Suite 870,Cherokee Village,AR,72529,36.3011,-91.5281,4726,Pharmacologist,1977-06-07,5b266f0340410a1e4e81d942d01cf8c4,1386338166,35.851993,-92.108212,0
438938,2020-12-06 14:23:30,4226219726886852999,"fraud_Daugherty, Pouros and Beahan",shopping_pos,2792.42,Jessica,Bell,F,669 Moore Shoal,Bethel,OH,45106,38.9424,-84.09200000000001,12349,Field trials officer,1985-07-08,f1ef8fa80f6d80b4b55a3fb608f99d11,1386339810,38.151359,-84.51434499999999,0
439245,2020-12-06 15:39:44,4550599031376731,"fraud_Reichel, Bradtke and Blanda",travel,3242.98,Angela,West,F,9471 Wong Islands,Mansfield,OH,44902,40.7559,-82.5123,92985,Press photographer,1968-05-29,9fce6e7374767d518a01f0860a79c365,1386344384,41.650645,-82.556608,0
440538,2020-12-06 20:31:34,676372984911,fraud_Terry-Huel,shopping_net,3858.51,Vicki,Mendoza,F,3645 Atkins Island Apt. 238,Esbon,KS,66941,39.7562,-98.4462,242,Tourism officer,1987-07-18,93d608fdd5bffdf55346525c2fa34ee3,1386361894,39.168777,-97.739997,0
445773,2020-12-07 17:12:23,4518350514020532,fraud_Schumm PLC,shopping_net,2755.22,Christopher,Gregory,M,9579 Porter Tunnel,Wauchula,FL,33873,27.5517,-81.8074,14742,Teaching laboratory technician,1993-02-26,458ad558d14b8a1d56578c84d3bcab0a,1386436343,27.221693,-82.577298,0
446152,2020-12-07 18:21:01,375974680629816,fraud_Boyer PLC,shopping_net,4120.28,Roberta,Mccarthy,F,94431 Matthew Mall Suite 296,Plymouth,CT,6782,41.6611,-73.0449,2376,Herpetologist,1973-04-06,14c1b6772fe72e0a26b41f9f79cbe77f,1386440461,41.43358,-73.982789,0
446196,2020-12-07 18:28:10,4561892980175,"fraud_Larson, Quitzon and Spencer",travel,3424.8,Jacqueline,Allen,F,166 Lisa Fords,Greenwood,IN,46143,39.596,-86.1309,78968,Financial adviser,1968-02-10,59ea8b00b71e7fa8f55c7879da494b9c,1386440890,39.572526,-85.588595,0
446991,2020-12-07 20:53:04,3582754887089201,fraud_Hyatt-Blick,travel,4925.21,Terrance,Mckinney,M,42965 Christopher Fords Suite 659,Norman,AR,71960,34.4596,-93.6743,1383,Magazine features editor,1966-08-08,85983208731c1af82b542d5523444ad0,1386449584,34.432272,-94.335167,0
447437,2020-12-07 22:19:45,3518758680062249,fraud_Veum-Koelpin,travel,2637.52,Antonio,Koch,M,8738 Richard Brooks,Moab,UT,84532,38.5677,-109.5271,9772,Location manager,1989-11-24,426d4c3414f59dcbb08791893c74e990,1386454785,38.29267,-109.121238,0
448483,2020-12-08 02:19:47,4605902936394,"fraud_Nitzsche, Kessler and Wolff",shopping_pos,2664.53,Vincent,Mueller,M,79019 Taylor Cliffs,Dallas,TX,75238,32.876999999999995,-96.708,1263321,Drilling engineer,1959-06-28,2e236c467d9c8b2489ca574b58820628,1386469187,32.27782,-96.076381,0
458713,2020-12-10 13:02:37,6011693194885790,"fraud_Hahn, Douglas and Schowalter",travel,6854.49,Victoria,Fleming,F,2807 Parker Station Suite 080,Stanchfield,MN,55080,45.6675,-93.2433,2607,"Lecturer, further education",1995-12-04,dfc4099c3e5ed3a655024efaa159c13f,1386680557,45.692562,-93.316767,0
458907,2020-12-10 14:11:04,4800395067176717,"fraud_Hodkiewicz, Prohaska and Paucek",travel,6050.12,Daniel,Owens,M,88794 Mandy Lodge Apt. 874,Howells,NE,68641,41.6964,-96.9858,1063,Research scientist (maths),1928-04-02,fb3599d96031965ee4f1bf82d3d6d077,1386684664,42.508432,-96.659171,0
464032,2020-12-11 21:58:46,4503101193493052864,fraud_Conroy Ltd,shopping_pos,2600.15,Katherine,Tucker,F,670 Le Meadows Suite 250,Lakeland,FL,33811,27.9865,-82.0139,237282,Clothing/textile technologist,1979-07-03,074f71f9ac656672809a60f501123c34,1386799126,28.686249,-81.26995500000001,0
465434,2020-12-12 08:26:17,345832460465610,fraud_Goyette Inc,shopping_net,2136.99,Jason,Mcmahon,M,6385 Donald Square Suite 429,Springfield,VA,22151,38.8029,-77.2116,104396,Production engineer,1950-11-20,baf6b01202dd36e84ef4aa085b588011,1386836777,39.204846,-77.236362,0
470216,2020-12-13 12:09:06,213112402583773,fraud_Kris-Padberg,shopping_pos,2107.35,Ana,Howell,F,4664 Sanchez Common Suite 930,Bradley,SC,29819,34.0326,-82.2027,1523,Research scientist (physical sciences),1984-06-03,f1ae29bc3fa11eef55bcc2c78a539968,1386936546,34.625303,-81.41475600000001,0
472349,2020-12-13 19:59:14,4806443445305,"fraud_Hahn, Douglas and Schowalter",travel,4258.73,Eric,Patel,M,69459 Rachel Prairie Apt. 850,Ironton,OH,45638,38.5294,-82.6654,21635,Geochemist,2001-07-10,69a20eba519f63d8f423b69dbb56ad2f,1386964754,38.552365,-82.22088000000001,0
472380,2020-12-13 20:05:31,3575789281659026,fraud_Mohr-Bayer,shopping_net,4175.74,Lindsay,Wilson,F,7618 Gonzales Mission,Centerview,MO,64019,38.7897,-93.8702,2368,Electronics engineer,1989-07-17,d9c7a5d230405dbeb14667357346d097,1386965131,39.7166,-94.823845,0
472970,2020-12-13 22:16:11,378904938837132,fraud_Lesch Ltd,shopping_pos,6025.4,Tina,Zimmerman,F,3595 Susan Island Suite 063,Thomas,OK,73669,35.7382,-98.7388,1675,Barrister,1986-05-01,03440e0f1bfcb17798699e26b777644f,1386972971,35.089532,-98.482126,0
476430,2020-12-14 13:18:52,630451534402,fraud_Pfeffer and Sons,shopping_pos,2143.89,Rachel,Daniels,F,561 Little Plain Apt. 738,Wetmore,MI,49895,46.3535,-86.6345,765,Immunologist,1972-06-12,c55257a09367338b3ab49216ca443850,1387027132,46.80809,-86.911283,0
476557,2020-12-14 13:41:36,3566094707272327,fraud_Johnston-Casper,travel,3172.89,Kristina,Stewart,F,47029 Jimmy Tunnel Apt. 106,Newhall,CA,91321,34.3795,-118.523,34882,Health physicist,1971-04-25,3e4f5e6f803b8ca0024772931a2e7f08,1387028496,34.234782,-118.498801,0
477234,2020-12-14 15:45:41,4661996144291811856,"fraud_Douglas, DuBuque and McKenzie",travel,7587.23,Linda,Park,F,24607 Charles Mountains,Fenelton,PA,16034,40.8555,-79.7372,2054,Operations geologist,1963-08-04,a6a089eb5ba1d7ad41497e59917a21f0,1387035941,40.288484,-79.02209,0
477569,2020-12-14 16:48:41,3501509250702469,fraud_Rempel Inc,shopping_net,2306.3,Frank,Anderson,M,0611 Stafford Valley Suite 504,Naples,FL,34112,26.1184,-81.7361,276002,"Programme researcher, broadcasting/film/video",1979-01-02,466014620fe629d033f50d23ac16bdb8,1387039721,26.936851,-81.100163,0
477657,2020-12-14 17:06:01,3529597810116815,"fraud_Reichert, Rowe and Mraz",shopping_net,2371.66,Pamela,Curtis,F,8969 Fuentes Station Apt. 291,Mill Creek,PA,17060,40.4679,-77.8967,1334,Archaeologist,1986-12-17,8ed8ed6cb8eb8fab06c2311d73217882,1387040761,41.044714,-77.496562,0
481309,2020-12-15 07:32:47,30376238035123,"fraud_Wintheiser, Dietrich and Schimmel",misc_pos,2295.48,Cynthia,Davis,F,7177 Steven Forges,Sixes,OR,97476,42.825,-124.4409,217,Retail merchandiser,1928-10-01,7ded0bb9f73ff27bb65540fc4b95c714,1387092767,42.562114,-123.647552,0
482338,2020-12-15 12:29:57,3501365119557234,fraud_Veum-Koelpin,travel,4341.64,Danielle,Allen,F,87198 Macias Drive Suite 389,Loving,NM,88256,32.274,-104.0914,1925,Educational psychologist,1952-05-26,b17b2b79684f677d4c896f0703528bb0,1387110597,32.111628,-105.084447,0
483954,2020-12-15 17:48:11,676369110710,fraud_Metz-Boehm,shopping_pos,2384.52,David,Wolfe,M,81261 Garcia Underpass Suite 741,Southfield,MI,48034,42.4969,-83.2911,75830,"Engineer, automotive",1974-12-28,ee67780f392c9c0b466edfeb0466cc3a,1387129691,41.954895,-82.986337,0
484271,2020-12-15 18:52:51,4587657402165341815,fraud_Mosciski Group,travel,11052.59,Amber,Lewis,F,6296 John Keys Suite 858,Pembroke Township,IL,60958,41.0646,-87.5917,2135,"Psychotherapist, child",2004-05-08,472b4e735048d978337e579a5b60bbda,1387133571,41.70312,-87.80266999999999,0
484700,2020-12-15 20:11:06,2222001896600109,"fraud_Haley, Jewess and Bechtelar",shopping_pos,2212.11,Susan,Hernandez,F,2193 Osborne Run Apt. 789,Moro,IL,62067,38.9318,-89.9618,2401,"Buyer, industrial",1972-01-03,64d74032867c0f09c3b0022f5c42c8e8,1387138266,39.683878,-89.95509100000001,0
484807,2020-12-15 20:34:25,30491348102802,fraud_Hackett Group,travel,4688.36,Tommy,Dixon,M,8829 Steele Station,Dresden,KS,67635,39.6094,-100.4112,169,"Librarian, public",1953-07-30,9a0b21cd107c758006c48ad507f085ad,1387139665,39.38107,-100.496547,0
486315,2020-12-16 04:15:58,370348764075623,"fraud_Stanton, Jakubowski and Baumbach",shopping_net,4476.38,Christopher,Gomez,M,950 Dunn Squares,Tickfaw,LA,70466,30.5668,-90.482,8512,"Accountant, chartered public finance",1951-09-03,f61720bfa7834b824f313119a32ade4d,1387167358,30.385194,-90.409328,0
488456,2020-12-16 21:16:07,4378993458389626,fraud_Boyer-Haley,travel,16339.26,Travis,Hayes,M,1561 Chase Grove,Conway,NH,3818,43.9742,-71.1503,3807,Surgeon,1999-10-25,787b3a6dae2fad86d24e89ec9e13482b,1387228567,43.07245,-71.11775300000001,0
490310,2020-12-17 12:11:41,3554849923339851,fraud_Romaguera and Sons,travel,2696.0,John,Hudson,M,886 Nicole Key,Stillwater,OK,74074,36.1043,-97.0609,55345,Cabin crew,1948-05-01,dc6057a049c3a1cb792788d797c1783d,1387282301,35.254999,-96.651896,0
491121,2020-12-17 17:11:23,3599237318576484,fraud_Turner LLC,travel,4074.56,Jessica,Smith,F,06808 Ryan Valleys,Dubre,KY,42731,36.8421,-85.5396,341,Insurance risk surveyor,1932-11-19,dcf7dbbad22bc2c5b2ac5a9bfdf7ab60,1387300283,37.486871,-85.260847,0
491589,2020-12-17 19:59:24,5540636818935089,fraud_Goyette-Herzog,travel,7029.48,Kenneth,Foster,M,329 Michael Extension,Lawrence,MA,1843,42.6911,-71.1605,76383,Geoscientist,1985-04-04,c27daff842cf77512bb90a6206cb9527,1387310364,41.882788,-71.417777,0
492406,2020-12-18 00:41:53,4334230547694630,fraud_Gleason-Macejkovic,shopping_net,2519.17,Scott,Martin,M,7483 Navarro Flats,Freedom,WY,83120,43.0172,-111.0292,471,"Education officer, museum",1967-08-02,e2749abf7f7c1f33926ed72fa1822064,1387327313,42.915767,-111.161141,0
493952,2020-12-18 12:32:56,4642255475285942,fraud_Hills-Witting,shopping_net,2899.68,Sabrina,Johnson,F,320 Nicholson Orchard,Thompson,UT,84540,38.9999,-109.615,46,"Surveyor, minerals",1987-04-23,9960bc4b6c34ea63eba4209772e1b27b,1387369976,38.840362,-109.916658,0
499020,2020-12-19 19:32:04,3504178999463051,fraud_Boyer-Reichert,shopping_net,3814.08,Drew,Garcia,M,70858 Jasmine Meadows Apt. 135,Lima,OH,45801,40.7641,-84.0973,86954,"Copywriter, advertising",1992-07-23,cb98cf5fc09709165f2613ca21a38c34,1387481524,41.447501,-83.410341,0
499256,2020-12-19 20:41:42,4836998673805450,fraud_Ankunding-Carroll,travel,3994.05,Susan,Hardy,F,516 Brown Parks,Manistique,MI,49854,46.0062,-86.2555,6469,Trade mark attorney,1979-04-12,1da6b0437195fe227cb9eef0c8bfd691,1387485702,46.417441,-86.473159,0
502542,2020-12-20 14:08:14,675909898057,"fraud_Ritchie, Bradtke and Stiedemann",travel,4052.61,Christopher,Henry,M,1198 Robert Stravenue Apt. 479,Armonk,NY,10504,41.136,-73.7009,7987,Television/film/video producer,1964-03-16,4d352b8dacc78dbad79c01a2b81c8e53,1387548494,41.076991,-73.457973,0
504686,2020-12-20 21:54:23,4587577161160601,"fraud_Reichert, Huels and Hoppe",shopping_net,3523.87,Tina,Lawrence,F,12444 Jacob Pines,Nobleboro,ME,4555,44.0943,-69.4828,1643,Financial trader,1976-04-12,edcc61a145f51c52d68017312a219e5d,1387576463,44.569141,-69.175216,0
504819,2020-12-20 22:20:04,30266994494236,fraud_Terry-Huel,shopping_net,6852.36,Sarah,Foster,F,77872 Andrea Glen Apt. 543,Ford,VA,23850,37.1349,-77.7364,1051,Chief Operating Officer,1976-11-21,85cc89dd4c705e445d1ce3079e6e1201,1387578004,37.383454,-78.415253,0
506164,2020-12-21 04:08:12,4979422371139333,fraud_Volkman Ltd,misc_net,2549.5,Kelly,Zimmerman,F,1893 Katie Tunnel,Westerville,NE,68881,41.4193,-99.3844,73,Product designer,1935-02-10,781c22a02480d773626c1db9fcaed3aa,1387598892,40.945774,-98.903949,0
507899,2020-12-21 12:27:00,3525590521269779,fraud_Pouros-Conroy,shopping_pos,2292.07,Scott,Fuller,M,861 Karen Common,Haw River,NC,27258,36.0424,-79.3242,6006,Paramedic,1984-07-20,19927a8997d3610a86673658f366e948,1387628820,36.341759,-78.770696,0
509736,2020-12-21 18:08:01,3596357274378601,"fraud_Douglas, DuBuque and McKenzie",travel,9172.71,David,Everett,M,4138 David Fall,Morrisdale,PA,16858,41.0001,-78.2357,3688,Advice worker,1973-05-27,00a5e57d65c204260a5a948bde7b8a41,1387649281,40.303006,-77.732481,0
511394,2020-12-21 23:02:42,3582754887089201,fraud_Kris-Kertzmann,travel,8180.52,Terrance,Mckinney,M,42965 Christopher Fords Suite 659,Norman,AR,71960,34.4596,-93.6743,1383,Magazine features editor,1966-08-08,1175ed62a49b622475d8fb049e25b901,1387666962,34.689888,-94.032437,0
516594,2020-12-22 19:59:27,3561212938177173,fraud_Hyatt-Blick,travel,2880.81,Jose,Campbell,M,550 Cunningham Squares,Dadeville,AL,36853,32.8224,-85.7704,8269,Minerals surveyor,1977-01-04,53e4728d72ec125bbfe855951c1e299b,1387742367,32.991307,-85.059822,0
516859,2020-12-22 20:57:17,213156747557083,"fraud_Monahan, Hermann and Johns",travel,11586.34,Adam,Santos,M,725 Jo Trace Apt. 102,Glendale,CA,91206,34.1556,-118.2322,172817,Advertising account planner,1982-07-30,3394889086b5722b8ddd556d8f21b9ca,1387745837,33.324777000000005,-117.819696,0
517033,2020-12-22 21:30:34,4725837176265195730,fraud_Corwin-Romaguera,travel,21437.71,Elizabeth,Mckee,F,358 Pruitt Square,Jay,FL,32565,30.8985,-87.1332,5719,Higher education careers adviser,1994-11-05,932aef04df2c7a1f4d53127eb1bd71f2,1387747834,30.74312,-86.29422199999999,0
517152,2020-12-22 21:54:19,5359543825610251,fraud_Boyer-Haley,travel,14637.79,Michael,Francis,M,1833 Jeanette Stravenue,Belgrade,MT,59714,45.7801,-111.1439,18182,"Engineer, drilling",1975-06-29,462e0600ada45a23bd67fcab06298616,1387749259,44.95025,-111.832758,0
518122,2020-12-23 02:59:11,374930071163758,fraud_Kunde-Sanford,misc_net,2360.03,Daniel,Escobar,M,61390 Hayes Port,Romulus,MI,48174,42.2203,-83.3583,31515,Police officer,1971-11-05,e456127501d0ccf05688ef216fa1b9e5,1387767551,42.265174,-83.85436800000001,0
527231,2020-12-25 21:29:12,6011231546538393,"fraud_Hodkiewicz, Prohaska and Paucek",travel,4340.34,Johnny,Bennett,M,321 Camacho Causeway,Boonton,NJ,7005,40.9115,-74.414,15269,"Psychologist, sport and exercise",1993-07-05,b48e3eaa3740f007b637285179290282,1388006952,41.09108,-74.300398,0
527353,2020-12-25 22:07:21,6011492816282597,fraud_Dooley Inc,shopping_pos,2753.28,Gary,Barnes,M,2970 Flores Brooks,Smackover,AR,71762,33.3398,-92.7442,2501,Financial adviser,1986-06-11,3687fab9543276c6aea41aff69ef8317,1388009241,33.695549,-93.491567,0
529423,2020-12-26 13:10:35,4512828414983801773,fraud_Lesch Ltd,shopping_pos,2119.66,Monica,Cohen,F,864 Reynolds Plains,Uledi,PA,15484,39.8936,-79.7856,328,Tree surgeon,1983-07-25,38a8c5c514bd0d7bd74af0c4d535b61c,1388063435,40.440971000000005,-80.102663,0
530382,2020-12-26 18:02:32,5152054598359927,fraud_Hermann and Sons,shopping_pos,2331.19,Jim,Johnson,M,868 Brady Mill Apt. 837,Gretna,LA,70056,29.8872,-90.0331,55581,Biomedical scientist,1972-09-12,a01cbb17ed1d4f7e34cbf464e9defb2a,1388080952,29.043242,-89.991646,0
533706,2020-12-27 12:32:59,4181833256558613886,fraud_Mohr-Bayer,shopping_net,3154.76,Jessica,Potter,F,7600 Stephen Course Suite 031,Red River,NM,87558,36.6659,-105.4694,606,"Surveyor, land/geomatics",1988-09-06,3513190d3803bb60a78ac4772591e43f,1388147579,36.956953000000006,-106.250277,0
534669,2020-12-27 15:58:03,30143535920989,fraud_Kozey-McDermott,travel,22768.11,Lisa,Collins,F,44197 Jeffrey Port Suite 050,Bridgeport,NJ,8014,39.8016,-75.3478,504,"Engineer, control and instrumentation",1980-08-17,93dd11ae955df7ea72df575dc091ac82,1388159883,40.608401,-75.56314,0
540474,2020-12-28 15:37:46,501899453424,"fraud_Medhurst, Labadie and Gottlieb",travel,5030.32,Jessica,Dominguez,F,06393 Nancy Parkways Suite 855,Gadsden,AL,35903,33.9845,-85.9077,67082,Ceramics designer,1970-01-08,4970945fbb7c99961e5fde2f76f998ed,1388245066,33.102605,-86.35936600000001,0
541486,2020-12-28 18:44:00,4586260469584,fraud_Turner LLC,travel,3261.47,Melody,Thompson,F,0362 Anderson Wall,Mound City,MO,64470,40.1362,-95.2138,1631,Architect,1953-01-20,b5ea3972079963499adf291e2695f317,1388256240,40.506225,-95.666991,0
545856,2020-12-29 12:55:44,675945690716,fraud_Turner and Sons,shopping_pos,6942.06,Ellen,Smith,F,285 George Lake,Beaver Falls,PA,15010,40.7687,-80.3592,28425,Podiatrist,2000-06-09,71d2a3523f880f51f648ad5c9c99d9fd,1388321744,40.004351,-79.809315,0
546004,2020-12-29 13:22:47,379141394109214,fraud_Tromp Group,travel,3436.87,Gerald,Anthony,M,252 Melissa Rapids Suite 944,Monetta,SC,29105,33.8084,-81.5956,1514,Chief Strategy Officer,1966-12-15,828133d60c63e69f564bc5b82b2bf7d2,1388323367,33.07574,-80.962142,0
551800,2020-12-30 20:32:03,375082648741747,"fraud_Willms, Kris and Bergnaum",shopping_pos,2168.91,Shannon,Bell,F,2918 David Spurs,Georgetown,MN,56546,47.0999,-96.727,346,"Research officer, trade union",1976-12-14,bbf94f039f39f95128728f1e242c5d29,1388435523,47.557838,-96.288225,0
552225,2020-12-30 23:21:11,4067137330196900,"fraud_Romaguera, Cruickshank and Greenholt",shopping_net,3186.7,Christina,Eaton,F,3256 Brooks Field,Eldridge,AL,35554,33.9315,-87.6194,1186,Politician's assistant,1986-11-12,fd075eb7593bd591cd2dce4d190964ab,1388445671,33.2016,-87.610602,0
553937,2020-12-31 13:42:39,30596478689301,fraud_Hermann and Sons,shopping_pos,2416.72,Daniel,Graham,M,28223 Ward Summit Apt. 664,Arvada,CO,80005,39.8422,-105.1097,122111,Hotel manager,1987-05-23,d3c3161d6b450c1d7d30e6fb3dc5501f,1388497359,39.168857,-105.891583,0
554526,2020-12-31 17:06:52,6528911529051375,"fraud_Schroeder, Wolff and Hermiston",travel,3304.44,Diane,Smith,F,195 Murray Overpass Apt. 384,Winter,WI,54896,45.8327,-91.0144,1478,Neurosurgeon,1965-04-27,c1487837b74e89b3bb62ccd678cf95a9,1388509612,45.899192,-91.504935,0
555004,2020-12-31 19:43:11,4364010865167176,"fraud_Douglas, Schneider and Turner",shopping_pos,2149.66,Gary,Martinez,M,03512 Jackson Ports,Reno,NV,89512,39.5483,-119.7957,276896,Immunologist,1997-03-12,418c90ecaebea2701d7fece2de5a4fed,1388518991,40.170913,-120.005205,0
